"","State.Abbv","X","COEFF USDA Rural-Urban Continuum Code ","COEFF Healthcare Professional Shortage Area (Primary Care) ","COEFF # of nurse practitioners with National Provider Identifiers (NPI) ","COEFF # of home health agencies ","COEFF # of hospices ","COEFF % Black ","COEFF % Hispanic ","COEFF Veteran population estimate ","COEFF # eligible for Medicare ","COEFF Unemployment rate for ages 16+ ","COEFF # of medical doctors female  ","COEFF # of medical doctors under age 35 ","COEFF # of medical doctors aged 35-44 ","COEFF # of medical doctors aged 45-54 ","COEFF # of medical doctors aged 65-74 ","COEFF # of medical doctors aged 75+ ","COEFF # of medical specialists under age 35 ","COEFF # of medical specialists aged 35-44 ","COEFF # of medical specialists aged 55-64 ","COEFF # of medical specialists aged 65-74 ","COEFF # of medical specialists aged 75+ ","COEFF # of dentists under age 35 ","COEFF # of dentists aged 35-44 ","COEFF # of dentists aged 45-54 ","COEFF # of dentists aged 55-64 ","COEFF # of dentists aged 65+ ","COEFF # of hospital beds ","COEFF # of short-term general hospital beds ","COEFF # of short-term non-general hospital beds ","COEFF # of long-term hospital beds ","COEFF # of licensed hospital-based nursing home beds ","COEFF # of inpatient days including homes and hospitals  ","COEFF # of outpatient visits in short-term general hospitals ","COEFF # of outpatient visits in short-term non-general hospitals ","COEFF # of outpatient visits in long-term hospitals ","COEFF # of outpatient visits in Veterans Affairs hospitals ","COEFF Actual per capita Medicare cost ","COEFF Total Caucasian male population estimate ","COEFF Total Caucasian female population estimate ","COEFF Total Black male population estimate ","COEFF Total Black female population estimate ","COEFF Total Asian male population estimate ","COEFF Total Asian Female population estimate ","COEFF Total Hispanic male population estimate ","COEFF Total Hispanic female population estimate ","COEFF # of Medicare enrollees ","COEFF # of deaths any cause  ","COEFF Median household income ","COEFF % under age 65 without health insurance ","COEFF % aged 25+ with 4+ years of college ","COEFF % employed in manufacturing ","COEFF # dually eligible for Medicare & Medicaid ","COEFF # of males aged 20-24 ","COEFF # of males aged 25-29 ","COEFF # of males aged 30-34 ","COEFF # of females aged 30-34 ","COEFF # of males aged 45-54 ","COEFF # of males aged 55-59 ","COEFF # of females aged 55-59 ","COEFF # of males aged 60-64 ","COEFF # of males aged 65-74 ","COEFF # of females aged 65-74 ","COEFF # of males aged 75-84 ","COEFF # of males aged 85+ ","COEFF # of females aged 85+ ","COEFF Median age ","COEFF Total Black population ","COEFF Total Asian population ","COEFF Total Hispanic population ","COEFF Total land area ","COEFF Healthcare professional shortage area - whole county ","COEFF Healthcare professional shortage area - partial county ","COEFF Rural indicator ","COEFF Metropolitan indicator ","COEFF Nonmetropolitan indicator ","COEFF # of outpatient visits total  ","COEFF # of cancer-related deaths - imputed  ","COEFF Total number of opioid shipments ","COEFF Total number of opioid pills distributed ","COEFF Per capita opioid pill volume ","COEFF Outpatient visits per capita ","COEFF Inpatient days per capita ","COEFF % male ","COEFF % Caucasian ","COEFF % Black ","COEFF % Asian ","COEFF % other race ","COEFF % Hispanic ","COEFF % eligible for Medicare ","COEFF Population density in hundreds  ","COEFF % dual-eligible for Medicare & Medicaid ","COEFF % aged 25 to 34 ","COEFF % aged 35 to 44 ","COEFF % aged 45 to 54 ","COEFF % aged 55 to 64 ","COEFF % aged 65 to 74 ","COEFF % aged 75 to 84 ","COEFF % aged 85+ ","COEFF % of population who are veterans ","COEFF Nurse practitioners per 100000 residents  ","COEFF Medical doctors aged <35 per 100000 residents  ","COEFF Medical doctors aged 35 to 44 per 100000 residents  ","COEFF Medical doctors aged 45 to 54 per 100000 residents  ","COEFF Medical doctors aged 55 to 64 per 100000 residents  ","COEFF Medical doctors aged 65 to 74 per 100000 residents  ","COEFF Medical doctors aged 75+ per 100000 residents  ","COEFF Medical specialists aged <35 per 100000 residents  ","COEFF Medical specialists aged 35 to 44 per 100000 residents  ","COEFF Medical specialists aged 45 to 54 per 100000 residents  ","COEFF Medical specialists aged 65 to 74 per 100000 residents  ","COEFF Medical specialists aged 75+ per 100000 residents  ","COEFF Dentists aged <35 per 100000 residents  ","COEFF Dentists aged 35 to 44 per 100000 residents  ","COEFF Dentists aged 45 to 54 per 100000 residents  ","COEFF Dentists aged 55 to 64 per 100000 residents  ","COEFF Dentists aged 65+ per 100000 residents  ","COEFF Medical doctors per 100000 residents  ","COEFF Specialists per 100000 residents  ","COEFF % aged 25 to 44 ","COEFF % aged 45 to 64 ","COEFF % aged 65+ ","COEFF Crude opiod-related death rate - imputed  ","COEFF Crude cancer-related death rate - imputed  ","COEFF Nurse practitioner prescribing authority ","COEFF Presription drug monitoring programs (PDMP) ","State","RANK USDA Rural-Urban Continuum Code ","RANK Healthcare Professional Shortage Area (Primary Care) ","RANK # of nurse practitioners with National Provider Identifiers (NPI) ","RANK # of home health agencies ","RANK # of hospices ","RANK % Black ","RANK % Hispanic ","RANK Veteran population estimate ","RANK # eligible for Medicare ","RANK Unemployment rate for ages 16+ ","RANK # of medical doctors female  ","RANK # of medical doctors under age 35 ","RANK # of medical doctors aged 35-44 ","RANK # of medical doctors aged 45-54 ","RANK # of medical doctors aged 65-74 ","RANK # of medical doctors aged 75+ ","RANK # of medical specialists under age 35 ","RANK # of medical specialists aged 35-44 ","RANK # of medical specialists aged 55-64 ","RANK # of medical specialists aged 65-74 ","RANK # of medical specialists aged 75+ ","RANK # of dentists under age 35 ","RANK # of dentists aged 35-44 ","RANK # of dentists aged 45-54 ","RANK # of dentists aged 55-64 ","RANK # of dentists aged 65+ ","RANK # of hospital beds ","RANK # of short-term general hospital beds ","RANK # of short-term non-general hospital beds ","RANK # of long-term hospital beds ","RANK # of licensed hospital-based nursing home beds ","RANK # of inpatient days including homes and hospitals  ","RANK # of outpatient visits in short-term general hospitals ","RANK # of outpatient visits in short-term non-general hospitals ","RANK # of outpatient visits in long-term hospitals ","RANK # of outpatient visits in Veterans Affairs hospitals ","RANK Actual per capita Medicare cost ","RANK Total Caucasian male population estimate ","RANK Total Caucasian female population estimate ","RANK Total Black male population estimate ","RANK Total Black female population estimate ","RANK Total Asian male population estimate ","RANK Total Asian Female population estimate ","RANK Total Hispanic male population estimate ","RANK Total Hispanic female population estimate ","RANK # of Medicare enrollees ","RANK # of deaths any cause  ","RANK Median household income ","RANK % under age 65 without health insurance ","RANK % aged 25+ with 4+ years of college ","RANK % employed in manufacturing ","RANK # dually eligible for Medicare & Medicaid ","RANK # of males aged 20-24 ","RANK # of males aged 25-29 ","RANK # of males aged 30-34 ","RANK # of females aged 30-34 ","RANK # of males aged 45-54 ","RANK # of males aged 55-59 ","RANK # of females aged 55-59 ","RANK # of males aged 60-64 ","RANK # of males aged 65-74 ","RANK # of females aged 65-74 ","RANK # of males aged 75-84 ","RANK # of males aged 85+ ","RANK # of females aged 85+ ","RANK Median age ","RANK Total Black population ","RANK Total Asian population ","RANK Total Hispanic population ","RANK Total land area ","RANK Healthcare professional shortage area - whole county ","RANK Healthcare professional shortage area - partial county ","RANK Rural indicator ","RANK Metropolitan indicator ","RANK Nonmetropolitan indicator ","RANK # of outpatient visits total  ","RANK # of cancer-related deaths - imputed  ","RANK Total number of opioid shipments ","RANK Total number of opioid pills distributed ","RANK Per capita opioid pill volume ","RANK Outpatient visits per capita ","RANK Inpatient days per capita ","RANK % male ","RANK % Caucasian ","RANK % Black .1","RANK % Asian ","RANK % other race ","RANK % Hispanic .1","RANK % eligible for Medicare ","RANK Population density in hundreds  ","RANK % dual-eligible for Medicare & Medicaid ","RANK % aged 25 to 34 ","RANK % aged 35 to 44 ","RANK % aged 45 to 54 ","RANK % aged 55 to 64 ","RANK % aged 65 to 74 ","RANK % aged 75 to 84 ","RANK % aged 85+ ","RANK % of population who are veterans ","RANK Nurse practitioners per 100000 residents  ","RANK Medical doctors aged <35 per 100000 residents  ","RANK Medical doctors aged 35 to 44 per 100000 residents  ","RANK Medical doctors aged 45 to 54 per 100000 residents  ","RANK Medical doctors aged 55 to 64 per 100000 residents  ","RANK Medical doctors aged 65 to 74 per 100000 residents  ","RANK Medical doctors aged 75+ per 100000 residents  ","RANK Medical specialists aged <35 per 100000 residents  ","RANK Medical specialists aged 35 to 44 per 100000 residents  ","RANK Medical specialists aged 45 to 54 per 100000 residents  ","RANK Medical specialists aged 65 to 74 per 100000 residents  ","RANK Medical specialists aged 75+ per 100000 residents  ","RANK Dentists aged <35 per 100000 residents  ","RANK Dentists aged 35 to 44 per 100000 residents  ","RANK Dentists aged 45 to 54 per 100000 residents  ","RANK Dentists aged 55 to 64 per 100000 residents  ","RANK Dentists aged 65+ per 100000 residents  ","RANK Medical doctors per 100000 residents  ","RANK Specialists per 100000 residents  ","RANK % aged 25 to 44 ","RANK % aged 45 to 64 ","RANK % aged 65+ ","RANK Crude opiod-related death rate - imputed  ","RANK Crude cancer-related death rate - imputed  ","RANK Nurse practitioner prescribing authority ","RANK Presription drug monitoring programs (PDMP) "
"1","AK",0,0,0,0,0,0.00718028655612513,0,0,0,0,0,0,0,0,0,0,0,0,0,0,0,0.0130823787096936,0,0.0268863024548205,0,0,0,0,0,0.0571877667569013,0,0,0,0,0.023166822130209,0,0,0,0,0,0,0,0,0,0,0,0.0339999380224066,0,0,0,0,0,0.0685360844034208,0,0,0,0,0.099718804196183,0,0,0,0,0,0,0,0,0,0,0,0,0,0,0,0,0,0,0,0.108155506237343,0,0.530476654814578,0,0,0,0,0,0,0,0,0,0,0,0,0,0,0,0,0,0,0,0,0,0,0,0,0,0,0,0,0,0,0,0,0,0,0,0,0,0,0,0,0,0,0.119559135346563,0,0,0,"Alaska","NA","NA","NA","NA","11","NA","NA","NA","NA","NA","NA","NA","NA","NA","NA","NA","NA","NA","NA","NA","10","NA","8","NA","NA","NA","NA","NA","6","NA","NA","NA","NA","9","NA","NA","NA","NA","NA","NA","NA","NA","NA","NA","NA","7","NA","NA","NA","NA","NA","5","NA","NA","NA","NA","4","NA","NA","NA","NA","NA","NA","NA","NA","NA","NA","NA","NA","NA","NA","NA","NA","NA","NA","NA","3","NA","1","NA","NA","NA","NA","NA",0,"NA","NA",0,"NA","NA","NA","NA","NA","NA","NA","NA","NA","NA","NA","NA","NA","NA","NA","NA","NA","NA","NA","NA","NA","NA","NA","NA","NA","NA","NA","NA","NA","NA","NA","NA","NA","2","NA","NA","NA"
"2","AL",1,-0.0560307377811311,0,0.390124216403127,0,0,0,0.0175838491800936,0,0,0,0,0,0,0,0,0,0,0,0,0.366517544451334,0.097748770922972,0,0,0,0,0,0,0,0,0,0,0,0,0,0,0,0,0,0,0,0,0,0,0,0,0,0,0,0,0,0,0,0,0,0,0,0,0,0,0,0,0,0,0,0,0,0,0,0,0,0,0,-0.0108344435399187,0,0,0,0,0,0,0,0,-0.0114058977548236,0,0,0,0,0,0,0,0,-0.015943075937148,0,0,0,0,0,0,-0.0053243473570762,0,0,0,0,0,0,0,0,0,0.0177844188943357,0,0,0,0,0,0,0,0,0,0,0,0,0,0.189565869724049,0,0,0,"Alabama","NA","NA","1","NA","NA","NA","6","NA","NA","NA","NA","NA","NA","NA","NA","NA","NA","NA","NA","2","4","NA","NA","NA","NA","NA","NA","NA","NA","NA","NA","NA","NA","NA","NA","NA","NA","NA","NA","NA","NA","NA","NA","NA","NA","NA","NA","NA","NA","NA","NA","NA","NA","NA","NA","NA","NA","NA","NA","NA","NA","NA","NA","NA","NA","NA","NA","NA","NA","NA","NA","NA","NA","NA","NA","NA","NA","NA","NA","NA","NA","NA","NA","NA",0,"NA","NA",0,"NA","NA","NA","NA","NA","NA","NA","NA","NA","NA","NA","NA","NA","NA","NA","NA","NA","NA","NA","5","NA","NA","NA","NA","NA","NA","NA","NA","NA","NA","NA","NA","NA","3","NA","NA","NA"
"3","AR",2,-0.0379515282711099,0,0,0,0,0,0,0,0,0,0,0,0,0,0,0,0,0,0,0,0,0,0,0,0,0,0,0,0,0,0,0,0,0,0,0,0,0,0,0,0,0,0,0,0,0.0340346859259835,0,0,0,0,0,0.0435622104892206,0,0,0,0,0,0,0,0,0,0,0.562833387518169,0,0,0,0,0,0,0,0,0,0,0,0,0,0,0,0.277290847846785,0,0,0,0,0,0,0,0,0,0,0,0,0,0.0167440462990236,0,0,0,-0.00854618121111275,-0.00184332484248635,0,0,0,0,0,0,0,0,0,0,0,0,0,0,0,0,0,0,0,0,0.0014836392052144,0,-0.00700310141251074,0.110710006333189,0,0,0,"Arkansas","NA","NA","NA","NA","NA","NA","NA","NA","NA","NA","NA","NA","NA","NA","NA","NA","NA","NA","NA","NA","NA","NA","NA","NA","NA","NA","NA","NA","NA","NA","NA","NA","NA","NA","NA","NA","NA","NA","NA","NA","NA","NA","NA","NA","NA","5","NA","NA","NA","NA","NA","4","NA","NA","NA","NA","NA","NA","NA","NA","NA","NA","1","NA","NA","NA","NA","NA","NA","NA","NA","NA","NA","NA","NA","NA","NA","NA","2","NA","NA","NA","NA","NA",0,"NA","NA",0,"NA","NA","NA","NA","6","NA","NA","NA","NA","NA","NA","NA","NA","NA","NA","NA","NA","NA","NA","NA","NA","NA","NA","NA","NA","NA","NA","NA","NA","NA","7","NA","NA","3","NA","NA","NA"
"4","AZ",3,0,0,0,0,0,0,0,0,0,0,0,0,0,0,0,0,0.377436738270352,0,0,0.128572133872759,0.0348470518053796,0,0,0,0,0,0,0,0,0,0,0,0,0,0,0.0114431721524943,0,0,0,0,0,0,0,0,0,0,0.344788535399843,0,0,0,0.00947144676167667,0,0,0,0,0,0,0,0,0,0.0350953268161177,0,0,0,0,0,0,0,0,0,0,0,0,0,0,0,0,0,0,0,0,0,0,0,0,0.0183999327658597,0,0,0,0,0,0,0,0,0,0,0,0,0,0,0,0,0,0,0,0,0,0,0,0,0,0,0,0,0,0,0,0,0,0,0,0.027469375859008,0,0,0,"Arizona","NA","NA","NA","NA","NA","NA","NA","NA","NA","NA","NA","NA","NA","NA","NA","NA","1","NA","NA","3","5","NA","NA","NA","NA","NA","NA","NA","NA","NA","NA","NA","NA","NA","NA","8","NA","NA","NA","NA","NA","NA","NA","NA","NA","NA","2","NA","NA","NA","9","NA","NA","NA","NA","NA","NA","NA","NA","NA","4","NA","NA","NA","NA","NA","NA","NA","NA","NA","NA","NA","NA","NA","NA","NA","NA","NA","NA","NA","NA","NA","NA","NA",0,"7","NA",0,"NA","NA","NA","NA","NA","NA","NA","NA","NA","NA","NA","NA","NA","NA","NA","NA","NA","NA","NA","NA","NA","NA","NA","NA","NA","NA","NA","NA","NA","NA","NA","NA","NA","6","NA","NA","NA"
"5","CA",4,0,0,0,0,0,0,0,0.701575543880089,0,0,0,0,0,0,0.0687821596907471,0,0,0,0,0,0,0,0,0,0,0,0,0,0,-0.0334841553317263,0,0,0,0,0,0,0,0,0,0,-0.167854404474404,0,0,0,0,0,0,0,0,0,0,0,0,0,0,0,0,0,0,0,0,0,0,0,0,0,0,0,0,0,0,0,0,0,0,0,0,0.272477219926801,0,0,0,0,0,0,0,0,0,0,0,0.0860519826456196,0,0,0,0,0,0,0,0,0,0,0,0,0,0,0,0,0,0,0,0,0,0,0,0,0,0,0,0,0,0,0,0.0242500824643275,0,0,0,"California","NA","NA","NA","NA","NA","NA","NA","1","NA","NA","NA","NA","NA","NA","4","NA","NA","NA","NA","NA","NA","NA","NA","NA","NA","NA","NA","NA","NA","NA","NA","NA","NA","NA","NA","NA","NA","NA","NA","NA","NA","NA","NA","NA","NA","NA","NA","NA","NA","NA","NA","NA","NA","NA","NA","NA","NA","NA","NA","NA","NA","NA","NA","NA","NA","NA","NA","NA","NA","NA","NA","NA","NA","NA","NA","NA","NA","2","NA","NA","NA","NA","NA","NA",0,"NA","NA",0,"NA","3","NA","NA","NA","NA","NA","NA","NA","NA","NA","NA","NA","NA","NA","NA","NA","NA","NA","NA","NA","NA","NA","NA","NA","NA","NA","NA","NA","NA","NA","NA","NA","5","NA","NA","NA"
"6","CO",5,0,0,0,0,0,0,0,0,0.224401269650315,0,0.135647917050022,0,0,0,0,0,0,0,0,0,0.133184195400569,0,0,0,0,0.114598138758092,0.144656872619455,0,0.122617755381509,0,0,0,0,0,0,0,0,0,0,0,0,0,0,0.132593148135923,0,0,0,0,0,0,0,0,0,0,0,0,0,0,0,0,0,0,0,0,0,0,0,0,0,0,0,0,0,0,0,0,0,0,0,0,0,0,0,0,0,0,0,0,0,0,0,0,0,0,0,0,0,0,0,0,0,0,0,0,0,0,0.00860760150523602,0,0,0,0,0,0,0,0,0,0,0,0,0,0,0.000335125128612285,0,0,0,"Colorado","NA","NA","NA","NA","NA","NA","NA","NA","1","NA","3","NA","NA","NA","NA","NA","NA","NA","NA","NA","4","NA","NA","NA","NA","7","2","NA","6","NA","NA","NA","NA","NA","NA","NA","NA","NA","NA","NA","NA","NA","NA","5","NA","NA","NA","NA","NA","NA","NA","NA","NA","NA","NA","NA","NA","NA","NA","NA","NA","NA","NA","NA","NA","NA","NA","NA","NA","NA","NA","NA","NA","NA","NA","NA","NA","NA","NA","NA","NA","NA","NA","NA",0,"NA","NA",0,"NA","NA","NA","NA","NA","NA","NA","NA","NA","NA","NA","NA","NA","NA","NA","NA","NA","NA","8","NA","NA","NA","NA","NA","NA","NA","NA","NA","NA","NA","NA","NA","NA","9","NA","NA","NA"
"7","CT",6,0,0.0170992318694051,0.67598890408184,0,0,0,0,0,0,0,0,0,0,0,0,0,0,0,0,0.0445127274597093,0,0,0,0,0,0,0,0,0,0,-0.0266553871464152,0,0,0,0,0.117139478808006,0,0,0,0,0,0,0,0,0,0,0,0,0,0,0,0,0,0,0,0,0,0,0,0,0,0,0,0,0,0,0,0,0,0,-0.141883306576259,0,0,0,0,0,0,0,0,0,0,0,0,0,0,0.0353567629013329,0,0,0,0,0,0,0,0,0,0,0,0,0,0,0,0,0,0,0,0,0,0,0,0.120957936508813,0,0,0,0,0,0,0,0,0,0,0,0.185120338109159,-0.0426378043108557,0.0583770714485919,0,"Connecticut","NA","8","1","NA","NA","NA","NA","NA","NA","NA","NA","NA","NA","NA","NA","NA","NA","NA","NA","6","NA","NA","NA","NA","NA","NA","NA","NA","NA","NA","NA","NA","NA","NA","NA","4","NA","NA","NA","NA","NA","NA","NA","NA","NA","NA","NA","NA","NA","NA","NA","NA","NA","NA","NA","NA","NA","NA","NA","NA","NA","NA","NA","NA","NA","NA","NA","NA","NA","NA","NA","NA","NA","NA","NA","NA","NA","NA","NA","NA","NA","NA","NA","NA",0,"7","NA",0,"NA","NA","NA","NA","NA","NA","NA","NA","NA","NA","NA","NA","NA","NA","NA","NA","NA","NA","NA","NA","NA","3","NA","NA","NA","NA","NA","NA","NA","NA","NA","NA","NA","2","NA","5","NA"
"8","DC",7,0,0,0,0,0,0,0,0,0,0,0,0,0,0,0,0,0,0,0,0,0,0,0,0,0,0,0,0,0,0,0,0,0,0,0,0,0,0,0,0,0,0,0,0,0,0,0,0,0,0,0,0,0,0,0,0,0,0,0,0,0,0,0,0,0,0,0,0,0,0,0,0,0,0,0,0,0,0,0,0,0,0,0,0,0,0,0,0,0,0,0,0,0,0,0,0,0,0,0,0,0,0,0,0,0,0,0,0,0,0,0,0,0,0,0,0,0,0,0,0,0,0.499540749778063,0,0,0,"Washington D.C.","NA","NA","NA","NA","NA","NA","NA","NA","NA","NA","NA","NA","NA","NA","NA","NA","NA","NA","NA","NA","NA","NA","NA","NA","NA","NA","NA","NA","NA","NA","NA","NA","NA","NA","NA","NA","NA","NA","NA","NA","NA","NA","NA","NA","NA","NA","NA","NA","NA","NA","NA","NA","NA","NA","NA","NA","NA","NA","NA","NA","NA","NA","NA","NA","NA","NA","NA","NA","NA","NA","NA","NA","NA","NA","NA","NA","NA","NA","NA","NA","NA","NA","NA","NA",0,"NA","NA",0,"NA","NA","NA","NA","NA","NA","NA","NA","NA","NA","NA","NA","NA","NA","NA","NA","NA","NA","NA","NA","NA","NA","NA","NA","NA","NA","NA","NA","NA","NA","NA","NA","NA","1","NA","NA","NA"
"9","DE",8,0,0,0,0,0,0,0,0,0,0,0,0,0,0,0,0,0,0,0,0.538128659418949,0.174198089537861,0.0411590803103965,0,0,0,0,0,0,0,0,0,0,0,0,0,0,0.103681332534428,0,0,0,0,0,0,0,0,0.0355849518203931,0,0,0,0,0,0,0,0,0,0,0,0,0,0,0,0,0,0,0,0,0,0,0,0,0,0,0,0,0,0,0,0,0,0,0,0,0,0,0,0,0,0,0,0,0,0,0,0,0,0,0,0,0,0,0,0,0,0,0,0.106391968438619,0,0,0,0,0,0,0,0,0,0,0,0,0,0,0,0.1546533920361,0,0,0,"Delaware","NA","NA","NA","NA","NA","NA","NA","NA","NA","NA","NA","NA","NA","NA","NA","NA","NA","NA","NA","1","2","6","NA","NA","NA","NA","NA","NA","NA","NA","NA","NA","NA","NA","NA","NA","5","NA","NA","NA","NA","NA","NA","NA","NA","7","NA","NA","NA","NA","NA","NA","NA","NA","NA","NA","NA","NA","NA","NA","NA","NA","NA","NA","NA","NA","NA","NA","NA","NA","NA","NA","NA","NA","NA","NA","NA","NA","NA","NA","NA","NA","NA","NA",0,"NA","NA",0,"NA","NA","NA","NA","NA","NA","NA","NA","NA","NA","NA","NA","NA","NA","NA","NA","NA","4","NA","NA","NA","NA","NA","NA","NA","NA","NA","NA","NA","NA","NA","NA","NA","3","NA","NA","NA"
"10","FL",9,-0.00701375233394216,0,0.18578486559471,0,0,0,0.0487116056581608,0.134902150274151,0,0,0,0,0,0,0,0,0,0,0,0,0,0,0,0,0,0,0,0,0,0,0,0,0,0,0,0,0,0,0,0,0,0,0,0,0,0,0,0.0151977203223624,0,0,0,0,0,0,0,0,0,0,0,0,0,0,0,0,0,0,0,0.249971013954032,0,0,0,0,0,0,0,0,0,0,0.33729868355497,0,0,0,0,0,0,0,0,0,0,0,0,0,0,-0.0131462147348583,0,0,0,0,0,0,0,0,0,0,0,0.0101346358929916,0,0,0,0,0,0,0,0,0,0,0,0,0,0,0,0.203615695959455,0,0,0,"Florida","NA","NA","4","NA","NA","NA","6","5","NA","NA","NA","NA","NA","NA","NA","NA","NA","NA","NA","NA","NA","NA","NA","NA","NA","NA","NA","NA","NA","NA","NA","NA","NA","NA","NA","NA","NA","NA","NA","NA","NA","NA","NA","NA","NA","NA","NA","7","NA","NA","NA","NA","NA","NA","NA","NA","NA","NA","NA","NA","NA","NA","NA","NA","NA","NA","NA","2","NA","NA","NA","NA","NA","NA","NA","NA","NA","NA","1","NA","NA","NA","NA","NA",0,"NA","NA",0,"NA","NA","NA","NA","NA","NA","NA","NA","NA","NA","NA","NA","NA","NA","NA","NA","NA","8","NA","NA","NA","NA","NA","NA","NA","NA","NA","NA","NA","NA","NA","NA","NA","3","NA","NA","NA"
"11","GA",10,0,0,0.16784856441392,0,0,0,0,0,0.438421112343764,0,0,0,0,0,0,0,0,0,0,0.208764197522585,0,0,0,0,0,0,0,0,-0.0629464772888737,0,0,0,0,-0.0462002371043572,0,0,0,0,0.0474889159049855,0,0,0,0.0903417040126846,0,0,0,0,0.0534121704967389,0,0,0,0,0,0,0,0,0,0,0,0,0,0,0,0,0,0,0,0,0,0,0,0,0,0,0,0,0,0,0,0,0,0,0,0,0,0,0,0,0,0,0,0,0.00330200848171017,0,-0.0165580070033125,0,-0.0358510638895936,0,0,0,0,0,0,0,0,0,0,0,0,0,0,0,0,0,0,0,0,0,0,0,0,0.121097904052227,0,0,0,"Georgia","NA","NA","3","NA","NA","NA","NA","NA","1","NA","NA","NA","NA","NA","NA","NA","NA","NA","NA","2","NA","NA","NA","NA","NA","NA","NA","NA","NA","NA","NA","NA","NA","NA","NA","NA","NA","NA","7","NA","NA","NA","5","NA","NA","NA","NA","6","NA","NA","NA","NA","NA","NA","NA","NA","NA","NA","NA","NA","NA","NA","NA","NA","NA","NA","NA","NA","NA","NA","NA","NA","NA","NA","NA","NA","NA","NA","NA","NA","NA","NA","NA","NA",0,"NA","NA",0,"NA","NA","NA","NA","8","NA","NA","NA","NA","NA","NA","NA","NA","NA","NA","NA","NA","NA","NA","NA","NA","NA","NA","NA","NA","NA","NA","NA","NA","NA","NA","NA","NA","4","NA","NA","NA"
"12","HI",11,-0.0838541249647907,0,0,0,0,0,0,0,0,0,0,0,0,0,0,0,0,0,0,0,0,0.141264025385719,0,0.145359097106291,0,0,0,0.169283512591825,0,0,0,0,0.279466873056063,0,0,0,0,0,0,0,0,0,0,0,0,0,0,0,0,0,0.028605553197695,0,0,0,0,0,0,0,0,0,0,0,0,0,0,0,0,0,0,0,0,0,0,0,0,0,0,0.0749080251363689,0,-0.0383864296617712,0,0,0,0,0,0,0,0,0,0,0,0,0,0,0,0,0,0,0,0,0,0,0.0065770663380674,0,0,0,0,0,0,0,0,0,0,0,0,0,0,0,0,0,0,0,0,0,0,"Hawaii","NA","NA","NA","NA","NA","NA","NA","NA","NA","NA","NA","NA","NA","NA","NA","NA","NA","NA","NA","NA","NA","4","NA","3","NA","NA","NA","2","NA","NA","NA","NA","1","NA","NA","NA","NA","NA","NA","NA","NA","NA","NA","NA","NA","NA","NA","NA","NA","NA","6","NA","NA","NA","NA","NA","NA","NA","NA","NA","NA","NA","NA","NA","NA","NA","NA","NA","NA","NA","NA","NA","NA","NA","NA","NA","NA","5","NA","NA","NA","NA","NA","NA",0,"NA","NA",0,"NA","NA","NA","NA","NA","NA","NA","NA","NA","NA","NA","NA","NA","NA","7","NA","NA","NA","NA","NA","NA","NA","NA","NA","NA","NA","NA","NA","NA","NA","NA","NA","NA","NA","NA","NA","NA"
"13","IA",12,0,0,0,0.0246140664177253,0,0,0,0,0,0,0,0,0,0,0,0,0,0,0,0,0,0,0,0,0,0,0,0,0.00473130539331735,0,0,0,0,0,0,0,0,0,0,0,0,0,0,0,0,0,0,0.008326440392739,0,0,0,0,0,0,0,0,0.223215030410991,0,0,0,0,0,0,0,0,0,0,0,0,0,0,0,0,0,0,0,0,0,0.469022906114249,0,0,0,0,0,0,0,0,0,0,0.227810524580985,0,0,0.0149833405383478,0,0,0,0,0,0,0,0,0,0,0,0,0,0,0,0,0,0,0,0,0,0,0,0,0,0,0,0,0.0696009959008226,0,0,0,"Iowa","NA","NA","NA","5","NA","NA","NA","NA","NA","NA","NA","NA","NA","NA","NA","NA","NA","NA","NA","NA","NA","NA","NA","NA","NA","NA","NA","NA","8","NA","NA","NA","NA","NA","NA","NA","NA","NA","NA","NA","NA","NA","NA","NA","NA","NA","NA","7","NA","NA","NA","NA","NA","NA","NA","NA","3","NA","NA","NA","NA","NA","NA","NA","NA","NA","NA","NA","NA","NA","NA","NA","NA","NA","NA","NA","NA","NA","1","NA","NA","NA","NA","NA",0,"NA","NA",0,"NA","2","NA","NA","6","NA","NA","NA","NA","NA","NA","NA","NA","NA","NA","NA","NA","NA","NA","NA","NA","NA","NA","NA","NA","NA","NA","NA","NA","NA","NA","NA","NA","4","NA","NA","NA"
"14","ID",13,0,0,0,0,0,0,0,0,0,0,0,0.0386715602160183,0,0,0.339177774849974,0,0,0,0.0616834494348011,0,0,0,0,0,0.0822815457665744,0,0,0,0,0,0,0.0948203292044837,0,0,0,0.198843024600143,0,0,0,0,0,0,0,0,0,0,0,0,0,0,0,0,0,0.0920108801426088,0,0,0,0.0205311621364625,0,0,0,0,0,0.0194583267494475,0,0,0,0,0,0,0,0,0,0,0,0,0,0,0,0,0,0,0,0,0,0,0,0,0,0,0,0,0,0,0,0,0,0,0,0,0.012846159217146,0.0203542329170389,0,0,0,0,0,0,0,0,0,0,0,0,0,0,0,0,0,0,0,0.0207067298586326,0,0,0,"Idaho","NA","NA","NA","NA","NA","NA","NA","NA","NA","NA","NA","7","NA","NA","1","NA","NA","NA","6","NA","NA","NA","NA","NA","5","NA","NA","NA","NA","NA","NA","3","NA","NA","NA","2","NA","NA","NA","NA","NA","NA","NA","NA","NA","NA","NA","NA","NA","NA","NA","NA","NA","4","NA","NA","NA","9","NA","NA","NA","NA","NA","11","NA","NA","NA","NA","NA","NA","NA","NA","NA","NA","NA","NA","NA","NA","NA","NA","NA","NA","NA","NA",0,"NA","NA",0,"NA","NA","NA","NA","NA","NA","NA","NA","NA","NA","NA","NA","12","10","NA","NA","NA","NA","NA","NA","NA","NA","NA","NA","NA","NA","NA","NA","NA","NA","NA","NA","NA","8","NA","NA","NA"
"15","IL",14,0,0,0.459599133325227,0,0,0,0,0,0,0,0,0,0,0,0,0.0635467855570202,0,0,0,0,0,0,0,0,0,0,0,0,0,0,0,0,0,0,0,0.00496518271328039,0,0,0,0,0,0,0,0,0.0474381473038356,0,0,0,0,0,0,0.108505104279932,0,0,0,0,0,0,0,0,0,0,0,0,0,0,0,0,0,0,0,0,0,0,0,0,0,0,0.266136243190159,0,0,0,0,0,0,0,0,0,0,0,0,0,0,0,0,0,0,0,0,0,0,0,0,0,0,0,0,0,0,0,0,0,0,0,0,0,0,0,0,0,0,0,0,0,0,"Illinois","NA","NA","1","NA","NA","NA","NA","NA","NA","NA","NA","NA","NA","NA","NA","4","NA","NA","NA","NA","NA","NA","NA","NA","NA","NA","NA","NA","NA","NA","NA","NA","NA","NA","NA","6","NA","NA","NA","NA","NA","NA","NA","NA","5","NA","NA","NA","NA","NA","NA","3","NA","NA","NA","NA","NA","NA","NA","NA","NA","NA","NA","NA","NA","NA","NA","NA","NA","NA","NA","NA","NA","NA","NA","NA","NA","NA","2","NA","NA","NA","NA","NA",0,"NA","NA",0,"NA","NA","NA","NA","NA","NA","NA","NA","NA","NA","NA","NA","NA","NA","NA","NA","NA","NA","NA","NA","NA","NA","NA","NA","NA","NA","NA","NA","NA","NA","NA","NA","NA","NA","NA","NA","NA"
"16","IN",15,-0.0129420735042203,0,0,0,0,0,0,0,0,0,0,0,0,0,0,0,0,0,0,0,0.16909736816866,0,0,0,0,0,0,0,0,0,0,0,0,0,-0.0324749262149673,0,0,0,0,0,0,0,0,0,0,0.00612655582726894,0,0,0,0,0,0.266775943043392,0,0,0,0,0,0,0,0,0,0,0,0,0,0,0,0,0,0,0,0,0,0,0,0,0,0,0.400967697513863,0,0,0,0,0,0,0,0,0,0,0.0673943343358606,0,0,0,0,0,0,0,0,0,0,0,0,0,0,0,0,0,0,0,0.0143235532841801,0,0,0,0,0,0,0,0,0,0,0,0.143315643996321,0,0,0,"Indiana","NA","NA","NA","NA","NA","NA","NA","NA","NA","NA","NA","NA","NA","NA","NA","NA","NA","NA","NA","NA","3","NA","NA","NA","NA","NA","NA","NA","NA","NA","NA","NA","NA","NA","NA","NA","NA","NA","NA","NA","NA","NA","NA","NA","NA","7","NA","NA","NA","NA","NA","2","NA","NA","NA","NA","NA","NA","NA","NA","NA","NA","NA","NA","NA","NA","NA","NA","NA","NA","NA","NA","NA","NA","NA","NA","NA","NA","1","NA","NA","NA","NA","NA",0,"NA","NA",0,"NA","5","NA","NA","NA","NA","NA","NA","NA","NA","NA","NA","NA","NA","NA","NA","NA","NA","NA","NA","NA","6","NA","NA","NA","NA","NA","NA","NA","NA","NA","NA","NA","4","NA","NA","NA"
"17","KS",16,-0.0444156138740115,0,0,0,0.000800121480430547,0,0,0,0.0987465881381304,0,0,0,0,0,0.232307687637321,0,0,0,0,0,0,0,0,0,0.107347741607492,0,0,0,0,0,0,0,0,0,0,0,0,0,0.377965692618178,0,0,0,0,0,0,0,0,0,-0.01124164532211,0,0,0,0,0,0,0,0,0,0,0,0,0,0,0,0.00125286300019091,0,0,0,0,0,0,0,0,0,0,0,0,0,0.0997435111473901,0,0,0,0,0,0,0,0,0,0,0,0,0,0,0,0,0,0,0,0,0,0,0,0,0,0,0,0,0,0,0,0,0,0,0,0,0,0,0,0.00298863310963697,0,0,0,0,0,0,"Kansas","NA","NA","NA","NA","8","NA","NA","NA","5","NA","NA","NA","NA","NA","2","NA","NA","NA","NA","NA","NA","NA","NA","NA","3","NA","NA","NA","NA","NA","NA","NA","NA","NA","NA","NA","NA","NA","1","NA","NA","NA","NA","NA","NA","NA","NA","NA","NA","NA","NA","NA","NA","NA","NA","NA","NA","NA","NA","NA","NA","NA","NA","NA","7","NA","NA","NA","NA","NA","NA","NA","NA","NA","NA","NA","NA","NA","4","NA","NA","NA","NA","NA",0,"NA","NA",0,"NA","NA","NA","NA","NA","NA","NA","NA","NA","NA","NA","NA","NA","NA","NA","NA","NA","NA","NA","NA","NA","NA","NA","NA","NA","NA","NA","NA","NA","NA","6","NA","NA","NA","NA","NA","NA"
"18","KY",17,0,0,0.121463591798452,0.033966862681649,0,0,0,0,0,0,0,0,0,0,0,0,0,0,0,0,0,0,0,0,0,0,0,0,0,-0.230283145705147,0,0,0,0,-0.00305941723281267,0,0,0,0,0,0,0,0,0,0.193879394584416,0,0,0,0,0,0,0,0,0,0,0,0,0,0,0,0,0,0,0,0,0,0,0,0,0.0205834460676979,0,0,-0.00229004583507101,0,0,0,0,0,0.171320240627858,0,0,0,0,0,0,0,0,0,0,0.491545005988316,0,0,0,-0.00522590774268311,0,0,0,0,0,0,0,0,0,0,0,0,0,0,0,0,0,0,0,0,0,0,0,0,0,-0.0166756972651006,0,0.216526409379638,0,0,0,"Kentucky","NA","NA","5","6","NA","NA","NA","NA","NA","NA","NA","NA","NA","NA","NA","NA","NA","NA","NA","NA","NA","NA","NA","NA","NA","NA","NA","NA","NA","NA","NA","NA","NA","NA","NA","NA","NA","NA","NA","NA","NA","NA","NA","NA","3","NA","NA","NA","NA","NA","NA","NA","NA","NA","NA","NA","NA","NA","NA","NA","NA","NA","NA","NA","NA","NA","NA","NA","NA","7","NA","NA","NA","NA","NA","NA","NA","NA","4","NA","NA","NA","NA","NA",0,"NA","NA",0,"NA","1","NA","NA","NA","NA","NA","NA","NA","NA","NA","NA","NA","NA","NA","NA","NA","NA","NA","NA","NA","NA","NA","NA","NA","NA","NA","NA","NA","NA","NA","NA","NA","2","NA","NA","NA"
"19","LA",18,-0.00130151109193574,0,0,0,0,0,0,0,0,0,0,0,0,0,0,0,0,0,0,0.0464951439577547,0,0,0,0,0,0,0,0,0,0,-0.00500298699145546,0,-0.0855165094460699,0,0,0,0,0.382073499546455,0,0,0,0,0,0.448067247252672,0,0,0,0,0,0.0114264786502285,0,0,0,0,0,0,0,0,0,0,0,0,0,0,0,0,0,0,0,0,0,0,-0.0411961492108451,0,0,0,0,0,0,0,0,0,0,0,0,0,0,0,0,0,0,-0.118434993647511,0,0,0,0,0,0,0,0,0,0,0,0.0117811316246672,0,0,0,0,0.0541421828372158,0,0,0,0.00883486491179453,0.0458611005034774,0,0,0,0,0,0,0,0.323688184039859,0,0,0,"Louisiana","NA","NA","NA","NA","NA","NA","NA","NA","NA","NA","NA","NA","NA","NA","NA","NA","NA","NA","NA","5","NA","NA","NA","NA","NA","NA","NA","NA","NA","NA","NA","NA","NA","NA","NA","NA","NA","2","NA","NA","NA","NA","NA","1","NA","NA","NA","NA","NA","8","NA","NA","NA","NA","NA","NA","NA","NA","NA","NA","NA","NA","NA","NA","NA","NA","NA","NA","NA","NA","NA","NA","NA","NA","NA","NA","NA","NA","NA","NA","NA","NA","NA","NA",0,"NA","NA",0,"NA","NA","NA","NA","NA","NA","NA","NA","NA","NA","NA","NA","NA","NA","NA","7","NA","NA","NA","NA","4","NA","NA","NA","9","6","NA","NA","NA","NA","NA","NA","NA","3","NA","NA","NA"
"20","MA",19,-0.116618669686931,0.0682055222334427,0,0.530097127254821,0,0,0,0,0,-0.0123069045549308,0,0,0,0,0,0,0,0,0,0,0,0,0,0,0,0,0,0,0,0,0,0,0,0,0,0,0,0,0,0,0,0,0,0,0,0.134626792191227,0,0.0103409141981573,0,0,0,0,0,0,0,0,0,0,0,0,0,0,0,0,0,0,0,0,0,0,-0.0205414248964204,1.67767034832246e-15,0,0,0,0,0,0,0,0,0,0,0,0,0,0,0,0,0,0,0,0,0,0,-0.0912847108817059,0,0,0,0,0,0,0,0,0,0,0,0,0,0,0,0,0,0,0,-0.0103850036524072,-0.000562496634694055,0,0,0,0,0,0.327673087693806,0,0,0,"Massachusetts","NA","4","NA","1","NA","NA","NA","NA","NA","NA","NA","NA","NA","NA","NA","NA","NA","NA","NA","NA","NA","NA","NA","NA","NA","NA","NA","NA","NA","NA","NA","NA","NA","NA","NA","NA","NA","NA","NA","NA","NA","NA","NA","NA","NA","3","NA","5","NA","NA","NA","NA","NA","NA","NA","NA","NA","NA","NA","NA","NA","NA","NA","NA","NA","NA","NA","NA","NA","NA","NA","6","NA","NA","NA","NA","NA","NA","NA","NA","NA","NA","NA","NA",0,"NA","NA",0,"NA","NA","NA","NA","NA","NA","NA","NA","NA","NA","NA","NA","NA","NA","NA","NA","NA","NA","NA","NA","NA","NA","NA","NA","NA","NA","NA","NA","NA","NA","NA","NA","NA","2","NA","NA","NA"
"21","MD",20,0,0,0.456678965609919,0,0,0,-0.0158288890936508,0,0,0,0,0,0,0,0,0,0,0,0,0,0,0,0,0,0,0,0,0,0,0,0,0,0,0,0.121997687639615,0,0,0,0,0,0,0,-0.0545180364211065,0,0,0,0,0,0,0,0,0,0,0,0,0,0,0,0,0,0,0,0,0,0,0,0,0,0,0,0,0,0,0,0,0,0,0,0.401681514404997,0,0,0,0,0,0.000595330098049791,0,0,0,0,0,0,0,0,0,0,0,0,0,0,0,0,0,0,0,0,0,0,0,0,0,0,0,0,0,0,0,0,0,0,0,0,0.210898933982031,0,0,0,"Maryland","NA","NA","1","NA","NA","5","NA","NA","NA","NA","NA","NA","NA","NA","NA","NA","NA","NA","NA","NA","NA","NA","NA","NA","NA","NA","NA","NA","NA","NA","NA","NA","NA","NA","4","NA","NA","NA","NA","NA","NA","NA","NA","NA","NA","NA","NA","NA","NA","NA","NA","NA","NA","NA","NA","NA","NA","NA","NA","NA","NA","NA","NA","NA","NA","NA","NA","NA","NA","NA","NA","NA","NA","NA","NA","NA","NA","NA","2","NA","NA","NA","NA","NA",0.000595330098049791,"NA","NA",0,"NA","NA","NA","NA","NA","NA","NA","NA","NA","NA","NA","NA","NA","NA","NA","NA","NA","NA","NA","NA","NA","NA","NA","NA","NA","NA","NA","NA","NA","NA","NA","NA","NA","3","NA","NA","NA"
"22","ME",21,0,0,0,0,0,0,0,0,0.473108606392762,0,0,0,0,0,0.0350770206810884,0,0,0,0,0,0,0.0639749289653801,0,0,0,0.107700445252369,0,0,0,0,0,0,0.047300733368951,0,0,0,0,0,0,0,0,0,0,0,0,0.158420136503654,0,0,0,0,0,0,0,0,0,0,0,0,0,0,0,0,0,0,0,0,0,0,0,0,0,0,0,0,0,0,0,0,0,-0.0154731573924422,0,0,0,0,0,0,0,0,0,0,0,0,0,0,0,0,-0.031988375530121,-0.0101652275312088,0,0,0,0,0,0,0,0,0,0,0,0,0,0,0,0,-0.01783374952332,0,0,0,0,0,0,0.288429527241188,-0.0227085522501995,0,0,"Maine","NA","NA","NA","NA","NA","NA","NA","NA","1","NA","NA","NA","NA","NA","7","NA","NA","NA","NA","NA","NA","5","NA","NA","NA","4","NA","NA","NA","NA","NA","NA","6","NA","NA","NA","NA","NA","NA","NA","NA","NA","NA","NA","NA","3","NA","NA","NA","NA","NA","NA","NA","NA","NA","NA","NA","NA","NA","NA","NA","NA","NA","NA","NA","NA","NA","NA","NA","NA","NA","NA","NA","NA","NA","NA","NA","NA","NA","NA","NA","NA","NA","NA",0,"NA","NA",0,"NA","NA","NA","NA","NA","NA","NA","NA","NA","NA","NA","NA","NA","NA","NA","NA","NA","NA","NA","NA","NA","NA","NA","NA","NA","NA","NA","NA","NA","NA","NA","NA","NA","2","NA","NA","NA"
"23","MI",22,-0.0187769458691856,0,0.0694510502641237,-0.0271366800349441,-0.175801951789067,0,0,0,0,0,0,0,0,0,0,0,0,0,0,0,0,0,0,0,0,0,0,0,0,0,0,0,0,0,0,0,0,0,0,0,0,0,0,0,0,0,0,0,-0.0123266870895883,0,0,0.0873066832711131,0,0,0,0,0,0,0,0,0,0,0,0,0,-0.0292809378561284,0,0,0,0,0,0,0,0,0,0,0,0,0.590573098686543,0,0,0,0,0,0,0,0,0,0,0.219027470747811,0,0,0,0,0,-0.00937778090661858,0,0,0,0,0,0,0,0,0,0,0,0,0,0,0,0,0,0,0,0,0,0,0,0,0,0.105390647842306,0,0,0,"Michigan","NA","NA","5","NA","NA","NA","NA","NA","NA","NA","NA","NA","NA","NA","NA","NA","NA","NA","NA","NA","NA","NA","NA","NA","NA","NA","NA","NA","NA","NA","NA","NA","NA","NA","NA","NA","NA","NA","NA","NA","NA","NA","NA","NA","NA","NA","NA","NA","NA","NA","NA","4","NA","NA","NA","NA","NA","NA","NA","NA","NA","NA","NA","NA","NA","NA","NA","NA","NA","NA","NA","NA","NA","NA","NA","NA","NA","NA","1","NA","NA","NA","NA","NA",0,"NA","NA",0,"NA","2","NA","NA","NA","NA","NA","NA","NA","NA","NA","NA","NA","NA","NA","NA","NA","NA","NA","NA","NA","NA","NA","NA","NA","NA","NA","NA","NA","NA","NA","NA","NA","3","NA","NA","NA"
"24","MN",23,0,0,0.00531211885231694,0,0,0,0,0,0,0,0,0,0,0,0,0,0,0,0,0,0,0,0,0,0,0,0,0,0,0,0,0,0.0861331976884925,0,0,0,0,0,0,0.0722524701180265,0.215811557612924,0,0,0,0,0,0,0,0,0,0,0,0,0,0,0,0.0529405478516834,0,0,0,0,0,0,0,0,0,0,0,0,0,0,0,0,0,0,0,0,0.336002026084112,0.186975935065168,0,0,0,0,0,0,0,0,0,0,0,0,0,0,0,0,0,0,0,0,0,0,0,0,0,0,0,0,0,0,0,0,0,0,0,0,0,0,0,0,0,0,0,0,0,0,"Minnesota","NA","NA","7","NA","NA","NA","NA","NA","NA","NA","NA","NA","NA","NA","NA","NA","NA","NA","NA","NA","NA","NA","NA","NA","NA","NA","NA","NA","NA","NA","NA","NA","4","NA","NA","NA","NA","NA","NA","5","2","NA","NA","NA","NA","NA","NA","NA","NA","NA","NA","NA","NA","NA","NA","NA","6","NA","NA","NA","NA","NA","NA","NA","NA","NA","NA","NA","NA","NA","NA","NA","NA","NA","NA","NA","NA","1","3","NA","NA","NA","NA","NA",0,"NA","NA",0,"NA","NA","NA","NA","NA","NA","NA","NA","NA","NA","NA","NA","NA","NA","NA","NA","NA","NA","NA","NA","NA","NA","NA","NA","NA","NA","NA","NA","NA","NA","NA","NA","NA","NA","NA","NA","NA"
"25","MO",24,0,0,0,0,0,0,0,0,0,0,0,0,0,0,0,0,0,0,0,0.310012560209949,0,0,0,0,0,0,0,0,0,0,0,0,0,0,0,0,0,0,0,0,0,0,0,0,0,0,0,0.0287507106237803,0,0,0,0,0,0,0,0,0.192073787536549,0,0,0,0,0,0,0,0,0,0,0,0,0,0,0,0,0,0,0,0,0.296836941586743,0,0,0,0,0,0,0,0,0,0,0,0.175421086666729,0,0,0,0,0,0,0,0,0,0,0,0,0,0,0,0,0,0,0,0,0,0,0,0,0,0,0,0,0,0,0,0.116529624388241,0,0,0,"Missouri","NA","NA","NA","NA","NA","NA","NA","NA","NA","NA","NA","NA","NA","NA","NA","NA","NA","NA","NA","1","NA","NA","NA","NA","NA","NA","NA","NA","NA","NA","NA","NA","NA","NA","NA","NA","NA","NA","NA","NA","NA","NA","NA","NA","NA","NA","NA","6","NA","NA","NA","NA","NA","NA","NA","NA","3","NA","NA","NA","NA","NA","NA","NA","NA","NA","NA","NA","NA","NA","NA","NA","NA","NA","NA","NA","NA","2","NA","NA","NA","NA","NA","NA",0,"NA","NA",0,"NA","4","NA","NA","NA","NA","NA","NA","NA","NA","NA","NA","NA","NA","NA","NA","NA","NA","NA","NA","NA","NA","NA","NA","NA","NA","NA","NA","NA","NA","NA","NA","NA","5","NA","NA","NA"
"26","MS",25,-0.00207146763586511,0,0,0,0,0,0,0,0.279574236649517,0,0,0,0,0,0,0,0,0,0,0,0,0,0,0,0,0,0,0,0,0.0453846761632254,0.0137643368626933,0,0,0,0,-0.138708009040489,0,0,0.28187088218962,0,0,0,0,0,0,0,0,0,0,0,0,0,0,0,0,0,0,0,0,0,0,0,0,0,0,0,0,0,0,0.00878082143128292,0,0,-0.0319049517836214,0,0,0,0,0,0.13041226180315,0,0,0,0,0,0,0,0,0,-0.00704118115509424,0.235390414846395,0,0,0,0,0,0,0,0,0,0,0,0,0,0,0,0,0,0,0,0.00481058450941527,0,0,0,0,0,0,0,0,0,0,0,0.266234949416238,0,0,0,"Mississippi","NA","NA","NA","NA","NA","NA","NA","NA","2","NA","NA","NA","NA","NA","NA","NA","NA","NA","NA","NA","NA","NA","NA","NA","NA","NA","NA","NA","NA","6","7","NA","NA","NA","NA","NA","NA","NA","1","NA","NA","NA","NA","NA","NA","NA","NA","NA","NA","NA","NA","NA","NA","NA","NA","NA","NA","NA","NA","NA","NA","NA","NA","NA","NA","NA","NA","NA","NA","8","NA","NA","NA","NA","NA","NA","NA","NA","5","NA","NA","NA","NA","NA",0,"NA","NA",0,"NA","4","NA","NA","NA","NA","NA","NA","NA","NA","NA","NA","NA","NA","NA","NA","NA","NA","NA","NA","NA","9","NA","NA","NA","NA","NA","NA","NA","NA","NA","NA","NA","3","NA","NA","NA"
"27","MT",26,-0.0174974016281045,0,0,0,0.043927615070158,0,0,0,0,0,0,0,0,0,0,0,0,0,0,0,0,0,0,0,0,0.104366241134015,0,0,0,0,0,0,0,0,0,0,0,0,0,0,0,0.0462766535428564,0,0,0,0,0,0,0,0,0,0,0,0,0,0,0,0,0,0.590898782021408,0,0,0,0,0,-0.00876249289812172,0,0,0,0,0,0,-0.0028940030884108,0,0,0,0,0,0,0.0273080457952981,0,0,0,0,0,0,0,0,0,0.100662711460496,0,0,0,-0.0308220285635264,0,0,-0.0362781617679064,0,0,0,0,0,0,0,0.0147787086170383,0,0,0,0,0,0,0,0,0,0,0,0,0,0,0,-0.0158702612781561,0.143771794705926,0,0,0,"Montana","NA","NA","NA","NA","6","NA","NA","NA","NA","NA","NA","NA","NA","NA","NA","NA","NA","NA","NA","NA","NA","NA","NA","NA","NA","3","NA","NA","NA","NA","NA","NA","NA","NA","NA","NA","NA","NA","NA","NA","NA","5","NA","NA","NA","NA","NA","NA","NA","NA","NA","NA","NA","NA","NA","NA","NA","NA","NA","1","NA","NA","NA","NA","NA","NA","NA","NA","NA","NA","NA","NA","NA","NA","NA","NA","NA","NA","NA","7","NA","NA","NA","NA",0,"NA","NA",0,"NA","4","NA","NA","NA","NA","NA","NA","NA","NA","NA","NA","NA","NA","NA","NA","8","NA","NA","NA","NA","NA","NA","NA","NA","NA","NA","NA","NA","NA","NA","NA","NA","2","NA","NA","NA"
"28","NC",27,-0.0480601726655668,0,0,0,0,0,0,0,0.301266308016352,-0.00355740357236143,0,0,0,0,0,0,0,0,0,0,0,0,0,0,0,0,0,0,0,0,0,0,0,0,0,0,0,0,0,0,0,0,0,0,0,0,0.0069412991785247,0,0,0,0,0,0,0,0,0,0,0,0,0,0,0,0,0,0,0,0,0,0,0,0,0,0,0,0,0,0,0,0.44714583723665,-0.012913778457886,0,0,0,0,0,0,0,0,0,0.148449285050218,0,0,0,0,0,0,0,-0.00783577776953531,0,0,0,0,0,0,0,0,0,0,0,0,0,0,0,0,0,0,0,0,0,0,0,0.204833263594707,0,0,0,"North Carolina","NA","NA","NA","NA","NA","NA","NA","NA","2","NA","NA","NA","NA","NA","NA","NA","NA","NA","NA","NA","NA","NA","NA","NA","NA","NA","NA","NA","NA","NA","NA","NA","NA","NA","NA","NA","NA","NA","NA","NA","NA","NA","NA","NA","NA","NA","5","NA","NA","NA","NA","NA","NA","NA","NA","NA","NA","NA","NA","NA","NA","NA","NA","NA","NA","NA","NA","NA","NA","NA","NA","NA","NA","NA","NA","NA","NA","NA","1","NA","NA","NA","NA","NA",0,"NA","NA",0,"NA","4","NA","NA","NA","NA","NA","NA","NA","NA","NA","NA","NA","NA","NA","NA","NA","NA","NA","NA","NA","NA","NA","NA","NA","NA","NA","NA","NA","NA","NA","NA","NA","3","NA","NA","NA"
"29","ND",28,-0.00043204873512702,0,0,0,0.00144254947130542,0,0,0,0,0,0,0,0,0,0,0,0,0,0,0,0,0,0,0,0,0,0,0.0211956653582204,0,0,0.00910866775388328,0,0,0,0.00545308319051343,-0.0614214602341658,0,0,0,0,0,0,0,0,0,0,0.728244063977625,0,0,0,0,0,0,0,0,0,0,0,0,0,0,0,0,0,0,-0.075696441805437,0,0,0,0.00049344841033917,0,0,0,0.081447776100471,0,0,0,0,0,0,0,0,0,-0.0687991694984364,0.0681178425369017,0,0,0,0,0,0,0.00187870021011235,0,0,0,0,0,-0.0406071968276398,0,0,0,0,0,0,0,0,0,0,0,0,0,0,0,0,0,0,0,0,0,0,0,0.119772671892496,0,0,0,"North Dakota","NA","NA","NA","NA","9","4","NA","NA","NA","NA","NA","NA","NA","NA","NA","NA","NA","NA","NA","NA","NA","NA","NA","NA","NA","NA","NA","5","NA","NA","6","NA","NA","NA","7","NA","NA","NA","NA","NA","NA","NA","NA","NA","NA","NA","1","NA","NA","NA","NA","NA","NA","NA","NA","NA","NA","NA","NA","NA","NA","NA","NA","NA","NA","NA","NA","NA","NA","10","NA","NA","NA","3","NA","NA","NA","NA","NA","NA","NA","NA","NA","NA",0.0681178425369017,"NA","NA",0,"NA","NA","NA","8","NA","NA","NA","NA","NA","NA","NA","NA","NA","NA","NA","NA","NA","NA","NA","NA","NA","NA","NA","NA","NA","NA","NA","NA","NA","NA","NA","NA","NA","2","NA","NA","NA"
"30","NE",29,-0.0342854297464352,0,0,0,0,0,0,0,0,0,0,0,0,0,0,0,0,0,0,0,0.293036750612072,0,0,0,0,0.0378243872933856,0,0,0,0,0,0,0,0,0,0,0,0,0,0,0,0,0,0,0,0,0,0,0,0,0,0,0,0,0,0,0,0,0,0,0,0,0,0,0,0,0,0,0.160452050246488,0,0,0,0,0,0,0,0,0.222122678859784,0,0,0,0,0,0,0,0,0,0,0,0.0620345566288472,0,0,0,0,0,0,0,0,0,0,0.029496307738787,0.0570218726189109,0,0,0,0,0.0281085486221935,0.000131003495325778,0.0300226716839827,0,0,0,0,0,0,0,0.047633920440126,0.0138291098723884,0,0,0,0,0,0,0,"Nebraska","NA","NA","NA","NA","NA","NA","NA","NA","NA","NA","NA","NA","NA","NA","NA","NA","NA","NA","NA","NA","1","NA","NA","NA","NA","7","NA","NA","NA","NA","NA","NA","NA","NA","NA","NA","NA","NA","NA","NA","NA","NA","NA","NA","NA","NA","NA","NA","NA","NA","NA","NA","NA","NA","NA","NA","NA","NA","NA","NA","NA","NA","NA","NA","NA","NA","NA","NA","3","NA","NA","NA","NA","NA","NA","NA","NA","2","NA","NA","NA","NA","NA","NA",0,"NA","NA",0,"NA","4","NA","NA","NA","NA","NA","NA","NA","NA","NA","NA","9","5","NA","NA","NA","NA","10","12","8","NA","NA","NA","NA","NA","NA","NA","6","11","NA","NA","NA","NA","NA","NA","NA"
"31","NH",30,0,0,0,0.00359502775432562,0,0,0,0,0,0,0,0,0,0,0,0,0,0,0,0.042824686349803,0,0,0,0,0,0.0831680376650747,0,0,0,0,0,0,0,0,0.241640430979541,0,0,0,0,0,0,0,0,0,0,0.484071328794957,0,0,-0.0314485954304266,0,0.00063437576174328,0,0,0,0,0,0,0,0,0,0,0,0,0,0,0,0,0,0,0,0,0,0,0,-0.00856309206698887,0,0,0,0,0,0,0,-0.00777866783565421,0,0,0,0,0,0,0,0,0,0,0,0,0,0,-0.0309976977128297,0,0,0,0,0,0,0,0,0,0,0,0,0,0,0,0,0,0,0,0,0,0,0,0.288409744719125,0,0,0,"New Hampshire","NA","NA","NA","6","NA","NA","NA","NA","NA","NA","NA","NA","NA","NA","NA","NA","NA","NA","NA","5","NA","NA","NA","NA","NA","4","NA","NA","NA","NA","NA","NA","NA","NA","3","NA","NA","NA","NA","NA","NA","NA","NA","NA","NA","1","NA","NA","NA","NA","7","NA","NA","NA","NA","NA","NA","NA","NA","NA","NA","NA","NA","NA","NA","NA","NA","NA","NA","NA","NA","NA","NA","NA","NA","NA","NA","NA","NA","NA","NA","NA","NA","NA",0,"NA","NA",0,"NA","NA","NA","NA","NA","NA","NA","NA","NA","NA","NA","NA","NA","NA","NA","NA","NA","NA","NA","NA","NA","NA","NA","NA","NA","NA","NA","NA","NA","NA","NA","NA","NA","2","NA","NA","NA"
"32","NJ",31,0,0,0.0826009713653434,-0.0228755817328224,0,0,0,0,0.440757628792844,0,0,0,0,0,0,0,0.00979501274513299,0,0,0.245072850953816,0,0,0,0,0,0,0,0,-0.0489974757800093,-0.0730906091066717,-0.0769329601540668,0,0,0,0.0947256599274124,0,1.97590212205593e-05,0,0,0,0,0,0,0,0,0,0,0,0,0,-0.00237851609128573,0,0.0249143362777164,0,0,0,0,0,0,0,0,0,0,0,0,0,0,0,0,0,0,0,0,0,0,0,0,0,0,-0.0163744311313312,-0.0304439104749568,0,0,0,0,0,0,0,0,0,0,0,0,0,-0.0181404012857618,0,0,0,-0.0424626296945268,0,0,0,0,0,0,0,0,0,0,0,0,-0.043615189567954,0,0,0,0,0,0,0,0,0,0.506480832178006,-0.165609406085785,0,0,"New Jersey","NA","NA","5","NA","NA","NA","NA","NA","2","NA","NA","NA","NA","NA","NA","NA","7","NA","NA","3","NA","NA","NA","NA","NA","NA","NA","NA","NA","NA","NA","NA","NA","NA","4","NA","8","NA","NA","NA","NA","NA","NA","NA","NA","NA","NA","NA","NA","NA","NA","NA","6","NA","NA","NA","NA","NA","NA","NA","NA","NA","NA","NA","NA","NA","NA","NA","NA","NA","NA","NA","NA","NA","NA","NA","NA","NA","NA","NA","NA","NA","NA","NA",0,"NA","NA",0,"NA","NA","NA","NA","NA","NA","NA","NA","NA","NA","NA","NA","NA","NA","NA","NA","NA","NA","NA","NA","NA","NA","NA","NA","NA","NA","NA","NA","NA","NA","NA","NA","NA","1","NA","NA","NA"
"33","NM",32,0,0,0.0780550016741499,0,0,0,0,0,0.422588967693966,0,0,0,0,0.17968877517602,0.0449387575063766,0.0237885695210095,0,0,0,0,0,0,0,0,0,0,0,0,0,0,0,0,0,0,0,0.190584435439903,0,0,0,0,0,0,0,0,0,0,0,0,0,0,0,0,0,0,0,0,0,0,0,0,0,0,0,0,0,0,0,0,0,0,0,0,0,0,0,0,0,0,0,0,0,0,0,0,0,0,0,0,0,0,0,0,0,0,0,0,0,0,0,0,0,0,0,0,0,0,0,0,0,0,0,0,0,0,0,0,0,0,0,0,0,0.10379481905391,0,0,0,"New Mexico","NA","NA","5","NA","NA","NA","NA","NA","1","NA","NA","NA","NA","3","6","7","NA","NA","NA","NA","NA","NA","NA","NA","NA","NA","NA","NA","NA","NA","NA","NA","NA","NA","NA","2","NA","NA","NA","NA","NA","NA","NA","NA","NA","NA","NA","NA","NA","NA","NA","NA","NA","NA","NA","NA","NA","NA","NA","NA","NA","NA","NA","NA","NA","NA","NA","NA","NA","NA","NA","NA","NA","NA","NA","NA","NA","NA","NA","NA","NA","NA","NA","NA",0,"NA","NA",0,"NA","NA","NA","NA","NA","NA","NA","NA","NA","NA","NA","NA","NA","NA","NA","NA","NA","NA","NA","NA","NA","NA","NA","NA","NA","NA","NA","NA","NA","NA","NA","NA","NA","4","NA","NA","NA"
"34","NV",33,0,0,0,0,0,0,0,0.398036508318812,0,0,0,0,0.0683499645099067,0,0,0,0,0.149808980700779,0,0,0,0,0.0572968118713552,0,0,0,0,0,0,0,0,0,0,0.00327216278366482,0,0,0,0,0,0,0,0,0,0,0,0,0,0,0,0,0,0,0,0,0,0,0,0,0,0,0,0,0,0,0,0,0,0,0,0,0,0,0,0,0,0,0,0.0420262636751497,0.234127059341085,0,0,0,0,0,0,0,0,0,0,0,0,0,0,0,0,0,0,0,0,0,0,0,0,0,0,0,0,0,0,0,0,0,0,0,0,0,0,0,0,0,0,0,0,0,0,"Nevada","NA","NA","NA","NA","NA","NA","NA","1","NA","NA","NA","NA","4","NA","NA","NA","NA","3","NA","NA","NA","NA","5","NA","NA","NA","NA","NA","NA","NA","NA","NA","NA","7","NA","NA","NA","NA","NA","NA","NA","NA","NA","NA","NA","NA","NA","NA","NA","NA","NA","NA","NA","NA","NA","NA","NA","NA","NA","NA","NA","NA","NA","NA","NA","NA","NA","NA","NA","NA","NA","NA","NA","NA","NA","NA","NA","6","2","NA","NA","NA","NA","NA",0,"NA","NA",0,"NA","NA","NA","NA","NA","NA","NA","NA","NA","NA","NA","NA","NA","NA","NA","NA","NA","NA","NA","NA","NA","NA","NA","NA","NA","NA","NA","NA","NA","NA","NA","NA","NA","NA","NA","NA","NA"
"35","NY",34,0,0,0,0,0.0423211613062781,0,0,0,0.136415508402935,0,0,0,0,0,0,0,0,0,0,0,0,0,0,0,0,0,0,0,0,0,0,0,0,0,0,0.0559476806074076,0.0646284967838403,0.163091021390034,0,0,0,0,0,0,0,0.0279027805713205,0,0,0,0,0,0,0,0,0,0,0,0,0,0,0,0,0,0,0,0,0,0,0.081856184380297,0,0,0,0,0,0,0,0,0.416835572775722,0,0,0,0,0,0,0,0,0,0.0122374420162749,0,0,0,0,0,0,0,0,-0.00724107801229883,0,0,0,0,0,0,0,0,0,0,0,0,0,0,-0.0287026982061068,0,0,0,0,0,0,0,0,0,0.131846046948508,-0.000145446569111883,0.0123000493062809,6.11219557643097e-16,"New York","NA","NA","NA","NA","8","NA","11","NA","3","NA","NA","NA","NA","NA","NA","NA","NA","NA","NA","NA","NA","NA","NA","NA","NA","NA","NA","NA","NA","NA","NA","NA","NA","NA","NA","7","6","2","NA","NA","NA","NA","NA","NA","NA","9","NA","NA","NA","NA","NA","NA","NA","NA","NA","NA","NA","NA","NA","NA","NA","NA","NA","NA","NA","NA","NA","NA","5","NA","NA","NA","NA","NA","NA","NA","NA","1","NA","NA","NA","NA","NA","NA",0,"NA","NA",0.0122374420162749,"NA","NA","NA","NA","NA","NA","NA","NA","NA","NA","NA","NA","NA","NA","NA","NA","NA","NA","NA","NA","NA","NA","NA","NA","NA","NA","NA","NA","NA","NA","NA","NA","NA","4","NA","10","12"
"36","OH",35,0,0,0.443220633976402,0,0,0,0,0,0,0,0,0,0,0,0,0,0,0,0,0.0990850549211864,0,0,0,0,0,0,0,0,0,0,0,0,0,0,-0.0385706523806137,0,0,0,0,0,0,0,0,0,0,0.0149357206940776,0,0,0,0,0,0,0,0,0,0,0,0,0,0,0,0,0,0,0,0,0,0,0,0,0,0,0,0,0,0,0,0.305080932929361,0,0,0,0,0,0,0,0,0,0,0,0,-0.0363233204530169,0,0,0,0,0,0,0,0,0,0,0,0,0,0,0,0,0,0,0,0,0,0,0,0,0,0,0,0,0,0,0.246221446956035,0,0,0,"Ohio","NA","NA","1","NA","NA","NA","NA","NA","NA","NA","NA","NA","NA","NA","NA","NA","NA","NA","NA","4","NA","NA","NA","NA","NA","NA","NA","NA","NA","NA","NA","NA","NA","NA","NA","NA","NA","NA","NA","NA","NA","NA","NA","NA","NA","5","NA","NA","NA","NA","NA","NA","NA","NA","NA","NA","NA","NA","NA","NA","NA","NA","NA","NA","NA","NA","NA","NA","NA","NA","NA","NA","NA","NA","NA","NA","NA","2","NA","NA","NA","NA","NA","NA",0,"NA","NA",0,"NA","NA","NA","NA","NA","NA","NA","NA","NA","NA","NA","NA","NA","NA","NA","NA","NA","NA","NA","NA","NA","NA","NA","NA","NA","NA","NA","NA","NA","NA","NA","NA","NA","3","NA","NA","NA"
"37","OK",36,0,0,0,0,0.0855469419461864,0,0,0,0,0,0,0,0,0,0,0,0,0,0,0,0,0,0,0,0,0,0,0,0,0,0,0,0,0,0,0,0,0,0,0,0,0,0,0,0,0,0,0,0,0,0,0,0,0,0,0,0,0,0.176041521616953,0,0,0.104377637217869,0,0,0,0,0,0,0,0,0,0,0,0,0,0,0,0.309911566261091,0,0,0,0,0,0,0,0,0,0,0,0.267659273142615,0,0,0,0,0,0,0,0,0,0,0,0,0,0,0,0,0,0,0,0,0,0,0,0,0,0,0,0,0,0,0,0.0385750220317057,0,0,0,"Oklahoma","NA","NA","NA","NA","5","NA","NA","NA","NA","NA","NA","NA","NA","NA","NA","NA","NA","NA","NA","NA","NA","NA","NA","NA","NA","NA","NA","NA","NA","NA","NA","NA","NA","NA","NA","NA","NA","NA","NA","NA","NA","NA","NA","NA","NA","NA","NA","NA","NA","NA","NA","NA","NA","NA","NA","NA","NA","NA","3","NA","NA","4","NA","NA","NA","NA","NA","NA","NA","NA","NA","NA","NA","NA","NA","NA","NA","1","NA","NA","NA","NA","NA","NA",0,"NA","NA",0,"NA","2","NA","NA","NA","NA","NA","NA","NA","NA","NA","NA","NA","NA","NA","NA","NA","NA","NA","NA","NA","NA","NA","NA","NA","NA","NA","NA","NA","NA","NA","NA","NA","6","NA","NA","NA"
"38","OR",37,0,0,0,0,0,0,0,0,0,0,0,0,0,0,0,0,0,0,0,0,0,0,0,0,0,0,0,0.112529415927495,0,0,0,0,0,0.110379128815676,0,0,0,0,0,0,0.314753315283938,0,0,0,0,0,0.279099175321729,0,0,0,0,0,0,0,0,0,0,0,0,0.117664104522087,0,0,0,0,0,0,0,0,0,0,0,0,0,0,0,0,0,0.0713516943438207,0,0,0,0,0,0,0,0,0,0,0,0,0,0,0,0,0,0,0,0,0,0,0,0,0,0,0,0,0,0,0,0,0,0,0,0,0,0,0,0,0,0,0,0.00352587388546068,0,0,0,"Oregon","NA","NA","NA","NA","NA","NA","NA","NA","NA","NA","NA","NA","NA","NA","NA","NA","NA","NA","NA","NA","NA","NA","NA","NA","NA","NA","NA","4","NA","NA","NA","NA","NA","5","NA","NA","NA","NA","NA","NA","1","NA","NA","NA","NA","NA","2","NA","NA","NA","NA","NA","NA","NA","NA","NA","NA","NA","NA","3","NA","NA","NA","NA","NA","NA","NA","NA","NA","NA","NA","NA","NA","NA","NA","NA","NA","6","NA","NA","NA","NA","NA","NA",0,"NA","NA",0,"NA","NA","NA","NA","NA","NA","NA","NA","NA","NA","NA","NA","NA","NA","NA","NA","NA","NA","NA","NA","NA","NA","NA","NA","NA","NA","NA","NA","NA","NA","NA","NA","NA","7","NA","NA","NA"
"39","PA",38,0,0,0,0,0,0,0,0,0,0,0,0,0,0,0,0,0,0,0,0.280584568738351,0,0,0,0,0.455161993013105,0,0,0.403188266815535,0,0,0.0250644876216089,0,0,0,0,0.0156027890593473,0,0,0,0,0,0,0,-0.02172735246885,0,0,0,0,0,0,0,0,0,0,0,0,0,0,0,0,0,0,0,0,0,0,0,0,0,0,0,0,-0.0230370456494643,0,0,0,0,0.00838128551860037,0,0,0,-0.00770749373068521,0,0,0,-0.00038519109074204,0,0,0,-0.438367978051839,0,0,0,0,0,0,0,0,0,0,0,0,0,0,-0.0549211970513881,-0.022470184745843,0,0,0,0,-0.0354958655698727,0,0,0,0,0,0,0,0,0,0,0.289022438061904,0,0,0,"Pennsylvania","NA","NA","NA","NA","NA","NA","NA","NA","NA","NA","NA","NA","NA","NA","NA","NA","NA","NA","NA","4","NA","NA","NA","NA","1","NA","NA","2","NA","NA","5","NA","NA","NA","NA","6","NA","NA","NA","NA","NA","NA","NA","NA","NA","NA","NA","NA","NA","NA","NA","NA","NA","NA","NA","NA","NA","NA","NA","NA","NA","NA","NA","NA","NA","NA","NA","NA","NA","NA","NA","NA","NA","NA","NA","NA","NA","7","NA","NA","NA","NA","NA","NA",0,"NA","NA",0,"NA","NA","NA","NA","NA","NA","NA","NA","NA","NA","NA","NA","NA","NA","NA","NA","NA","NA","NA","NA","NA","NA","NA","NA","NA","NA","NA","NA","NA","NA","NA","NA","NA","3","NA","NA","NA"
"40","RI",39,0,0,0,0,0,0,0,0,0,0,0,0,0,0,0,0,0,0,0,0.710637162359701,0,0,0,0,0,0,0,0,0,0,-0.0100521980820075,0,0,0,0,0,0,0,0,0,0,0,0,0,0,0,0,0,0,0,0,0,0,0,0,0,0,0,0,0,0,0,0,0,0,0,0,0,0,0,0,0,0,0,0,0,0,0,0,0,0,0,0,0,0,0,0,0,0,0,0.0245886389547379,0,0,0,0,0,0,0,0,0.168649439672823,0,0,0,0,0,0,0,0,0,0,0,0,0,0,0,0,0,0,0,0,0,0.10008682924076,0,0,0,"Rhode Island","NA","NA","NA","NA","NA","NA","NA","NA","NA","NA","NA","NA","NA","NA","NA","NA","NA","NA","NA","1","NA","NA","NA","NA","NA","NA","NA","NA","NA","NA","NA","NA","NA","NA","NA","NA","NA","NA","NA","NA","NA","NA","NA","NA","NA","NA","NA","NA","NA","NA","NA","NA","NA","NA","NA","NA","NA","NA","NA","NA","NA","NA","NA","NA","NA","NA","NA","NA","NA","NA","NA","NA","NA","NA","NA","NA","NA","NA","NA","NA","NA","NA","NA","NA",0,"NA","NA",0,"NA","NA","4","NA","NA","NA","NA","NA","NA","NA","NA","2","NA","NA","NA","NA","NA","NA","NA","NA","NA","NA","NA","NA","NA","NA","NA","NA","NA","NA","NA","NA","NA","3","NA","NA","NA"
"41","SC",40,0,0,0,0,0,0,0,0,0.255309911012453,0,0,0,0,0,0,0,0,0,0,0,0,0,0,0,0,0,0,0,0.0335604376688637,-0.0376113126432059,0,0,0,0.0883481835882778,0,0,0,0,0,0,0,0,0,0,0.286646347886008,0.0366604083887265,0,0,0,0,0,0,0,0,0,0,0,0,0,0,0,0,0,0,0,0,0,0,0,0,0,0,0,0,0,0,0,0,0.150833820481694,-0.0348571866238147,0,0,0,0,0,0,0,0,-0.0719745272660396,0,0,0,0,0,0,0,0,0,0,0,0,0,0,0,0,-0.0179397003766345,0,0,0,0,0,0,0,0,0,0,0,0,0,0,0,0.416070768951509,-0.0021151804423496,0,0,"South Carolina","NA","NA","NA","NA","NA","NA","NA","NA","3","NA","NA","NA","NA","NA","NA","NA","NA","NA","NA","NA","NA","NA","NA","NA","NA","NA","NA","NA","7","NA","NA","NA","NA","5","NA","NA","NA","NA","NA","NA","NA","NA","NA","NA","2","6","NA","NA","NA","NA","NA","NA","NA","NA","NA","NA","NA","NA","NA","NA","NA","NA","NA","NA","NA","NA","NA","NA","NA","NA","NA","NA","NA","NA","NA","NA","NA","NA","4","NA","NA","NA","NA","NA",0,"NA","NA",0,"NA","NA","NA","NA","NA","NA","NA","NA","NA","NA","NA","NA","NA","NA","NA","NA","NA","NA","NA","NA","NA","NA","NA","NA","NA","NA","NA","NA","NA","NA","NA","NA","NA","1","NA","NA","NA"
"42","SD",41,0,0,0,0,0,0,0,0,0,0,0,0,0.00756118690280168,0,0,0,0,0.00785311249402887,0,0,0,0,0.054292560093034,0,0.0858735405085816,0.0335993929541604,0,0,0.0843403865054096,0,0,0,0.00170686559994531,0,0,0,0,0,0,0,0,0,0,0,0,0,0,0,0,0,0,0,0,0,0,0,0,0,0,0,0.542149621676084,0,0,0,0,0,0,0,0,0,0,0,0,0.00944427944357875,0,0.0894091294874178,0,0,0,0,0,0,0,0,0.0434440647545916,0,0,0,0,0,0,0.0217943400255963,0,0,0,-0.00124047881708513,0,0,0,0.0107765123449658,0,0,0,0,0,0,0,0,0,0,0,0,0,0,0,0,0,0,0.0297182901159626,0,-0.00639109531153871,0.0860156294818554,0,0,0,"South Dakota","NA","NA","NA","NA","NA","7","NA","NA","NA","NA","NA","NA","14","NA","NA","NA","NA","13","NA","NA","NA","NA","6","NA","4","8","NA","NA","5","NA","NA","NA","15","NA","NA","NA","NA","NA","NA","NA","NA","NA","NA","NA","NA","NA","NA","NA","NA","NA","NA","NA","NA","NA","NA","NA","NA","NA","NA","NA","1","NA","NA","NA","NA","NA","NA","NA","NA","NA","NA","NA","NA","12","NA","2","NA","NA","NA","NA","NA","NA","NA","NA",0.0434440647545916,"NA","NA",0,"NA","NA","NA","10","NA","NA","NA","NA","NA","NA","NA","11","NA","NA","NA","NA","NA","NA","NA","NA","NA","NA","NA","NA","NA","NA","NA","NA","NA","NA","9","NA","NA","3","NA","NA","NA"
"43","TN",42,0,0,0.289275522042237,0,0,0,0,0,0,0,0,0,0,0,0,0,0,0,0,0,0,0,0,0,0,0.362656967581937,0,0,0,0,0,0,0,0.0268601063991436,0,0,0,0,0.048894915992553,0,0,0,0,0,0.0277069949592077,0,0,0,0,0,0,0,0,0,0,0,0,0,0,0,0,0,0,0,0,0,0,0,0,0,0,0,0,0,0,0,0,0,0.202914553747865,0,-0.00423791221903489,0,0,0,0,0,0,0,0,0,0,0,0,0,0,0,0,0,0,0,0,0,0,0,0,0,0,0,0,0,0,0,0,0,0,0,0,0,0,0,0,0.0900211750402765,0,0,0,"Tennessee","NA","NA","2","NA","NA","NA","NA","NA","NA","NA","NA","NA","NA","NA","NA","NA","NA","NA","NA","NA","NA","NA","NA","NA","NA","1","NA","NA","NA","NA","NA","NA","NA","7","NA","NA","NA","NA","5","NA","NA","NA","NA","NA","6","NA","NA","NA","NA","NA","NA","NA","NA","NA","NA","NA","NA","NA","NA","NA","NA","NA","NA","NA","NA","NA","NA","NA","NA","NA","NA","NA","NA","NA","NA","NA","NA","NA","3","NA","NA","NA","NA","NA",0,"NA","NA",0,"NA","NA","NA","NA","NA","NA","NA","NA","NA","NA","NA","NA","NA","NA","NA","NA","NA","NA","NA","NA","NA","NA","NA","NA","NA","NA","NA","NA","NA","NA","NA","NA","NA","4","NA","NA","NA"
"44","TX",43,0,0,0,0,0,0,0,0.0917875751506759,0,0,0,0,0,0,0.337847830634358,0.0298832704445806,0.13102163890611,0.109310974959101,0,0,0,0,0,0,0,0,0,0,0,0,0,0,0,0,0,0,0,0,0,0,0,0,0,0,0.0163767209055044,0,0,0,0,0,0,0,0,0,0,0,0,0,0,0,0,0,0,0,0,0,0,0,0,0,0,0,0,0,0,0,0,0,0.238493274059803,0,0,0,0,0,0,0,0,0,0,0,0,0,0,0,0,0,0,0,0,0,0,0,0,0,0,0,0,0,0,0,0,0,0,0,0,0,0,0,0,0,0,0,0,0,0,"Texas","NA","NA","NA","NA","NA","NA","NA","5","NA","NA","NA","NA","NA","NA","1","6","3","4","NA","NA","NA","NA","NA","NA","NA","NA","NA","NA","NA","NA","NA","NA","NA","NA","NA","NA","NA","NA","NA","NA","NA","NA","NA","NA","7","NA","NA","NA","NA","NA","NA","NA","NA","NA","NA","NA","NA","NA","NA","NA","NA","NA","NA","NA","NA","NA","NA","NA","NA","NA","NA","NA","NA","NA","NA","NA","NA","NA","2","NA","NA","NA","NA","NA",0,"NA","NA",0,"NA","NA","NA","NA","NA","NA","NA","NA","NA","NA","NA","NA","NA","NA","NA","NA","NA","NA","NA","NA","NA","NA","NA","NA","NA","NA","NA","NA","NA","NA","NA","NA","NA","NA","NA","NA","NA"
"45","UT",44,0,0,0.157795046428949,0,0,0,0,0,0,0,0,0,0,0,0,0,0,0,0,0,0,0,0.203157146109875,0,0,0,0,0,0,0,0,0,0,0,0,0,0,0,0,0,0,0,0,0,0.0911526857133848,0,0,0,0,0,0,0,0,0,0.0471725212789553,0.0443306294522358,0,0,0,0,0,0,0,0,0,0,0,0,0,0,0,0,0,0,0,0,0,0,0.410861725237247,0,0,0,0,0,0,0,0,0,0,0,0,0,0,0,0,0,0,0,0,0,0,0,0,0,0,0,0,0,0,0,0,0,0,0,0,0,0,0,0,0,0,0,0,0,0,"Utah","NA","NA","3","NA","NA","NA","NA","NA","NA","NA","NA","NA","NA","NA","NA","NA","NA","NA","NA","NA","NA","NA","2","NA","NA","NA","NA","NA","NA","NA","NA","NA","NA","NA","NA","NA","NA","NA","NA","NA","NA","NA","NA","NA","4","NA","NA","NA","NA","NA","NA","NA","NA","NA","5","6","NA","NA","NA","NA","NA","NA","NA","NA","NA","NA","NA","NA","NA","NA","NA","NA","NA","NA","NA","NA","NA","NA","1","NA","NA","NA","NA","NA",0,"NA","NA",0,"NA","NA","NA","NA","NA","NA","NA","NA","NA","NA","NA","NA","NA","NA","NA","NA","NA","NA","NA","NA","NA","NA","NA","NA","NA","NA","NA","NA","NA","NA","NA","NA","NA","NA","NA","NA","NA"
"46","VA",45,0,0,0.15519436515618,0,0,-0.0128687271520717,0,0,0.0416914803615086,0,0,0,0,0,0,0,0,0,0,0,0,0,0,0,0,0,0,0,0.00687392268016274,0,0,0,0,0,0,0,0,0,0,0.139739240606212,0,0,0,0,0,0.132665200837104,0,0,0,0,0,0.0687245846207524,0,0,0,0,0,0,0,0,0,0,0,0,0,0,0,0,0,0.00750578859698691,0,0,0,0,0,0,0,0.362852679465505,0.0315861653544739,0,0,0,0,0,0,0,0,0,0,0,0,0,0,0,0,0,0,-0.0428925969749722,0,0,0,0,0,0,0,0,0,0,0,0,0,0,0,-0.0173005400617992,-0.00329537469242906,0,0,0,0,0,0,0.0878534814469772,0,0,0,"Virginia","NA","NA","2","NA","NA","NA","NA","NA","7","NA","NA","NA","NA","NA","NA","NA","NA","NA","NA","NA","NA","NA","NA","NA","NA","NA","NA","NA","10","NA","NA","NA","NA","NA","NA","NA","NA","NA","NA","3","NA","NA","NA","NA","NA","4","NA","NA","NA","NA","NA","6","NA","NA","NA","NA","NA","NA","NA","NA","NA","NA","NA","NA","NA","NA","NA","NA","NA","9","NA","NA","NA","NA","NA","NA","NA","1","8","NA","NA","NA","NA","NA",0,"NA","NA",0,"NA","NA","NA","NA","NA","NA","NA","NA","NA","NA","NA","NA","NA","NA","NA","NA","NA","NA","NA","NA","NA","NA","NA","NA","NA","NA","NA","NA","NA","NA","NA","NA","NA","5","NA","NA","NA"
"47","VT",46,0,0,0,0,0,0,0,0,0.626786286820194,-0.0291158563366199,0,0,0,0,0.0555458830355925,0,0,0,0,0,0,0,0,0,0,0,0,0,0,0,-0.00210695834991444,0,0,0,0,0,0,0,0,0.118408170207412,0,0,0,0,0,0,0,0,0,0,0,0.0891221402250603,0,0,0,0,0,0,0,0,0,0,0,0,0,0,0,0,0,0,0,0,0,0,0,0,0,0,0,0,0,0,0,0,0,0,0,0,-0.0862603451587275,0,0,0,0,0,-0.0631704092324857,0,0,0,0,0,0,0,0,0,0,0,0,0.0255821136714413,0,0,0,0,0,0,0,0,0,0,0,0,0,0.287587999098649,0,0,0,"Vermont","NA","NA","NA","NA","NA","NA","NA","NA","1","NA","NA","NA","NA","NA","5","NA","NA","NA","NA","NA","NA","NA","NA","NA","NA","NA","NA","NA","NA","NA","NA","NA","NA","NA","NA","NA","NA","NA","NA","3","NA","NA","NA","NA","NA","NA","NA","NA","NA","NA","NA","4","NA","NA","NA","NA","NA","NA","NA","NA","NA","NA","NA","NA","NA","NA","NA","NA","NA","NA","NA","NA","NA","NA","NA","NA","NA","NA","NA","NA","NA","NA","NA","NA",0,"NA","NA",0,"NA","NA","NA","NA","NA","NA","NA","NA","NA","NA","NA","NA","NA","NA","NA","NA","NA","NA","NA","6","NA","NA","NA","NA","NA","NA","NA","NA","NA","NA","NA","NA","NA","2","NA","NA","NA"
"48","WA",47,0,0,0,0,0,0,0,0,0,0,0,0,0,0,0,0,0,0,0,0,0,0,0,0,0,0,0,0,0,0,0,0,0,0,0,0,0,0,0,0,0,0,0,0,0,0,0,0,0,0,0,0,0,0,0,0,0.634843911679553,0,0,0,0,0,0,0,0,0,0,0,0,0,0,0,0,0,0,0,0,0.192514302085759,0.0874769284182286,0,0,0,0,0,0,0.0327606289545057,0,0,0,0,0,0,0,0,0,0,0,0,0,0,0,0,0,0,0,0,0,0,0,0,0,0,0,0,0,0,0,0,0,0,0,0.00579044846625818,0,0,0,"Washington","NA","NA","NA","NA","NA","NA","NA","NA","NA","NA","NA","NA","NA","NA","NA","NA","NA","NA","NA","NA","NA","NA","NA","NA","NA","NA","NA","NA","NA","NA","NA","NA","NA","NA","NA","NA","NA","NA","NA","NA","NA","NA","NA","NA","NA","NA","NA","NA","NA","NA","NA","NA","NA","NA","NA","NA","1","NA","NA","NA","NA","NA","NA","NA","NA","NA","NA","NA","NA","NA","NA","NA","NA","NA","NA","NA","NA","2","3","NA","NA","NA","NA","NA",0,"4","NA",0,"NA","NA","NA","NA","NA","NA","NA","NA","NA","NA","NA","NA","NA","NA","NA","NA","NA","NA","NA","NA","NA","NA","NA","NA","NA","NA","NA","NA","NA","NA","NA","NA","NA","5","NA","NA","NA"
"49","WI",48,0,0,0.212777057862469,0,0,0,0,0,0,0,0.0312003418797947,0,0,0,0,0,0,0,0,0,0,0,0,0,0,0,0,0,0,0,0,0,0,0,0,0.0456129421904835,0,0,0,0,0,0,0,0,0.500064846274068,0,0,0,0,0,0,0,0,0,0,0,0,0,0,0,0,0,0,0,0,0,0,0,0,0,0,0,0,0,0,0,0,0,0.153518564051712,0,0,0,0,0,0,0,0,0,0,0,0,0,0,0,0,0,0,0,0,0,0,0,0,0,0,0,0,0,0,0,0,0,0,0,0,0,0,0,0,0,0,0.0524274387526583,0,0,0,"Wisconsin","NA","NA","2","NA","NA","NA","NA","NA","NA","NA","6","NA","NA","NA","NA","NA","NA","NA","NA","NA","NA","NA","NA","NA","NA","NA","NA","NA","NA","NA","NA","NA","NA","NA","NA","5","NA","NA","NA","NA","NA","NA","NA","NA","1","NA","NA","NA","NA","NA","NA","NA","NA","NA","NA","NA","NA","NA","NA","NA","NA","NA","NA","NA","NA","NA","NA","NA","NA","NA","NA","NA","NA","NA","NA","NA","NA","NA","3","NA","NA","NA","NA","NA",0,"NA","NA",0,"NA","NA","NA","NA","NA","NA","NA","NA","NA","NA","NA","NA","NA","NA","NA","NA","NA","NA","NA","NA","NA","NA","NA","NA","NA","NA","NA","NA","NA","NA","NA","NA","NA","4","NA","NA","NA"
"50","WV",49,0,0,0.110433889942857,0,0,0,0,0,0,0,0,0,0,0,0,0,0,0,0,0,0.025539180789374,0,0,0,0,0.048799955006144,0,0,0,0.0212632760249115,0,0,0,-0.0447740511457413,-0.0435973604733681,0.0432948277123418,0,0,0,0.180569206755234,0,0,0,0.0139135523101177,0,0.123220710805356,0,0.0120955610072447,0,0,0,0.178526912313034,0,0,0,0,0,0,0,0,0,0,0,0,0,0,0.0354664495373255,0,0,0,0,0,0,0,0,0,0,0,0.0920802940750116,0,0,0,0,0,0,0,0,0,0,0,0,0,0,0,0,0,0,0,0,0,0,0,0,0,0,0,0,0,0,0,0,0,0,0,0,0,0,0,0,0,0,0.373918955534812,0,0,0,"West Virginia","NA","NA","5","NA","NA","NA","NA","NA","NA","NA","NA","NA","NA","NA","NA","NA","NA","NA","NA","NA","10","NA","NA","NA","NA","7","NA","NA","NA","11","NA","NA","NA","NA","NA","8","NA","NA","NA","2","NA","NA","NA","12","NA","4","NA","13","NA","NA","NA","3","NA","NA","NA","NA","NA","NA","NA","NA","NA","NA","NA","NA","NA","NA","9","NA","NA","NA","NA","NA","NA","NA","NA","NA","NA","NA","6","NA","NA","NA","NA","NA",0,"NA","NA",0,"NA","NA","NA","NA","NA","NA","NA","NA","NA","NA","NA","NA","NA","NA","NA","NA","NA","NA","NA","NA","NA","NA","NA","NA","NA","NA","NA","NA","NA","NA","NA","NA","NA","1","NA","NA","NA"
"51","WY",50,0,0,0,0,0.00265046694607515,0,0,0,0,0,0,0,0,0,0.0618181508587784,0,0,0,0,0,0,0.000365109368686653,0.0761492083132524,0,0,0,0,0,0.0798877761534401,0,0,0,0,0,0,0,0,0,0,0,0,0,0,0,0,0,0,0,0,0,0,0,0,0,0.293125649757065,0,0,0,0,0,0,0,0,0,0,0,0,0,0,0.0877807239347301,0,0,-0.000756752027646614,0,0,0,0,0,0.398889839506853,0,0,0,0,0,0,0,0.0352026756200656,0,0,0,-0.0238913554506761,0,0,0,0,0,0,0,0,0,0,0.00518709844658949,0,0,0,0,0,0.0533504679303351,0,0,0,0,0,0,0,0,0,0,0,-0.00250136601954492,0,0.206801908702042,0,0,0,"Wyoming","NA","NA","NA","NA","11","NA","NA","NA","NA","NA","NA","NA","NA","NA","7","NA","NA","NA","NA","NA","NA","12","6","NA","NA","NA","NA","NA","5","NA","NA","NA","NA","NA","NA","NA","NA","NA","NA","NA","NA","NA","NA","NA","NA","NA","NA","NA","NA","NA","NA","NA","NA","NA","2","NA","NA","NA","NA","NA","NA","NA","NA","NA","NA","NA","NA","NA","NA","4","NA","NA","NA","NA","NA","NA","NA","NA","1","NA","NA","NA","NA","NA",0,"NA","9",0,"NA","NA","NA","NA","NA","NA","NA","NA","NA","NA","NA","NA","NA","10","NA","NA","NA","NA","NA","8","NA","NA","NA","NA","NA","NA","NA","NA","NA","NA","NA","NA","NA","3","NA","NA","NA"
