"","State.Abbv","X","COEFF USDA Rural-Urban Continuum Code ","COEFF Healthcare Professional Shortage Area (Primary Care) ","COEFF # of nurse practitioners with National Provider Identifiers (NPI) ","COEFF # of home health agencies ","COEFF # of hospices ","COEFF % Black ","COEFF % Hispanic ","COEFF Veteran population estimate ","COEFF Unemployment rate for ages 16+ ","COEFF # of medical doctors under age 35 ","COEFF # of medical doctors aged 35-44 ","COEFF # of medical doctors aged 45-54 ","COEFF # of medical doctors aged 55-64 ","COEFF # of medical doctors aged 65-74 ","COEFF # of medical doctors aged 75+ ","COEFF # of medical specialists under age 35 ","COEFF # of medical specialists aged 35-44 ","COEFF # of medical specialists aged 45-54 ","COEFF # of medical specialists aged 55-64 ","COEFF # of medical specialists aged 65-74 ","COEFF # of medical specialists aged 75+ ","COEFF # of dentists aged 35-44 ","COEFF # of dentists aged 45-54 ","COEFF # of dentists aged 55-64 ","COEFF # of dentists aged 65+ ","COEFF # of short-term non-general hospital beds ","COEFF # of long-term hospital beds ","COEFF # of licensed hospital-based nursing home beds ","COEFF # of inpatient days including homes and hospitals  ","COEFF # of outpatient visits in short-term non-general hospitals ","COEFF # of outpatient visits in long-term hospitals ","COEFF # of outpatient visits in Veterans Affairs hospitals ","COEFF Actual per capita Medicare cost ","COEFF Total Caucasian female population estimate ","COEFF Total Black male population estimate ","COEFF Total Black female population estimate ","COEFF Total Asian male population estimate ","COEFF Total Asian Female population estimate ","COEFF Total Hispanic male population estimate ","COEFF Total Hispanic female population estimate ","COEFF # of Medicare enrollees ","COEFF # of deaths any cause  ","COEFF Per capita personal income ","COEFF Median household income ","COEFF % in poverty ","COEFF % under age 65 without health insurance ","COEFF % aged 25+ with 4+ years of college ","COEFF % employed in manufacturing ","COEFF # dually eligible for Medicare & Medicaid ","COEFF # of males aged 20-24 ","COEFF # of females aged 20-24 ","COEFF # of males aged 25-29 ","COEFF # of females aged 30-34 ","COEFF # of males aged 35-44 ","COEFF # of males aged 55-59 ","COEFF # of males aged 75-84 ","COEFF # of males aged 85+ ","COEFF # of females aged 85+ ","COEFF Median age ","COEFF Total Black population ","COEFF Total Hispanic population ","COEFF Total area ","COEFF Total land area ","COEFF Healthcare professional shortage area - whole county ","COEFF Healthcare professional shortage area - partial county ","COEFF Rural indicator ","COEFF Metropolitan indicator ","COEFF Nonmetropolitan indicator ","COEFF # of outpatient visits total  ","COEFF # of opioid-related deaths - imputed  ","COEFF Total number of opioid shipments ","COEFF Total number of opioid pills distributed ","COEFF Outpatient visits per capita ","COEFF Inpatient days per capita ","COEFF % male ","COEFF % Caucasian ","COEFF % Black ","COEFF % Asian ","COEFF % other race ","COEFF % Hispanic ","COEFF % eligible for Medicare ","COEFF Crude annual death rate all cause  ","COEFF Population density in hundreds  ","COEFF % dual-eligible for Medicare & Medicaid ","COEFF % aged 25 to 34 ","COEFF % aged 35 to 44 ","COEFF % aged 45 to 54 ","COEFF % aged 55 to 64 ","COEFF % aged 65 to 74 ","COEFF % aged 75 to 84 ","COEFF % aged 85+ ","COEFF % of population who are veterans ","COEFF Nurse practitioners per 100000 residents  ","COEFF Medical doctors aged <35 per 100000 residents  ","COEFF Medical doctors aged 35 to 44 per 100000 residents  ","COEFF Medical doctors aged 45 to 54 per 100000 residents  ","COEFF Medical doctors aged 55 to 64 per 100000 residents  ","COEFF Medical doctors aged 65 to 74 per 100000 residents  ","COEFF Medical doctors aged 75+ per 100000 residents  ","COEFF Medical specialists aged <35 per 100000 residents  ","COEFF Medical specialists aged 35 to 44 per 100000 residents  ","COEFF Medical specialists aged 45 to 54 per 100000 residents  ","COEFF Medical specialists aged 55 to 64 per 100000 residents  ","COEFF Medical specialists aged 65 to 74 per 100000 residents  ","COEFF Medical specialists aged 75+ per 100000 residents  ","COEFF Dentists aged <35 per 100000 residents  ","COEFF Dentists aged 35 to 44 per 100000 residents  ","COEFF Dentists aged 45 to 54 per 100000 residents  ","COEFF Dentists aged 55 to 64 per 100000 residents  ","COEFF Dentists aged 65+ per 100000 residents  ","COEFF % aged 25 to 44 ","COEFF % aged 45 to 64 ","COEFF % aged 65+ ","COEFF Early state Medicaid expansion status ","COEFF Crude opiod-related death rate - imputed  ","COEFF Crude cancer-related death rate - imputed  ","COEFF Nurse practitioner prescribing authority ","COEFF Presription drug monitoring programs (PDMP) ","State","RANK USDA Rural-Urban Continuum Code ","RANK Healthcare Professional Shortage Area (Primary Care) ","RANK # of nurse practitioners with National Provider Identifiers (NPI) ","RANK # of home health agencies ","RANK # of hospices ","RANK % Black ","RANK % Hispanic ","RANK Veteran population estimate ","RANK Unemployment rate for ages 16+ ","RANK # of medical doctors under age 35 ","RANK # of medical doctors aged 35-44 ","RANK # of medical doctors aged 45-54 ","RANK # of medical doctors aged 55-64 ","RANK # of medical doctors aged 65-74 ","RANK # of medical doctors aged 75+ ","RANK # of medical specialists under age 35 ","RANK # of medical specialists aged 35-44 ","RANK # of medical specialists aged 45-54 ","RANK # of medical specialists aged 55-64 ","RANK # of medical specialists aged 65-74 ","RANK # of medical specialists aged 75+ ","RANK # of dentists aged 35-44 ","RANK # of dentists aged 45-54 ","RANK # of dentists aged 55-64 ","RANK # of dentists aged 65+ ","RANK # of short-term non-general hospital beds ","RANK # of long-term hospital beds ","RANK # of licensed hospital-based nursing home beds ","RANK # of inpatient days including homes and hospitals  ","RANK # of outpatient visits in short-term non-general hospitals ","RANK # of outpatient visits in long-term hospitals ","RANK # of outpatient visits in Veterans Affairs hospitals ","RANK Actual per capita Medicare cost ","RANK Total Caucasian female population estimate ","RANK Total Black male population estimate ","RANK Total Black female population estimate ","RANK Total Asian male population estimate ","RANK Total Asian Female population estimate ","RANK Total Hispanic male population estimate ","RANK Total Hispanic female population estimate ","RANK # of Medicare enrollees ","RANK # of deaths any cause  ","RANK Per capita personal income ","RANK Median household income ","RANK % in poverty ","RANK % under age 65 without health insurance ","RANK % aged 25+ with 4+ years of college ","RANK % employed in manufacturing ","RANK # dually eligible for Medicare & Medicaid ","RANK # of males aged 20-24 ","RANK # of females aged 20-24 ","RANK # of males aged 25-29 ","RANK # of females aged 30-34 ","RANK # of males aged 35-44 ","RANK # of males aged 55-59 ","RANK # of males aged 75-84 ","RANK # of males aged 85+ ","RANK # of females aged 85+ ","RANK Median age ","RANK Total Black population ","RANK Total Hispanic population ","RANK Total area ","RANK Total land area ","RANK Healthcare professional shortage area - whole county ","RANK Healthcare professional shortage area - partial county ","RANK Rural indicator ","RANK Metropolitan indicator ","RANK Nonmetropolitan indicator ","RANK # of outpatient visits total  ","RANK # of opioid-related deaths - imputed  ","RANK Total number of opioid shipments ","RANK Total number of opioid pills distributed ","RANK Outpatient visits per capita ","RANK Inpatient days per capita ","RANK % male ","RANK % Caucasian ","RANK % Black .1","RANK % Asian ","RANK % other race ","RANK % Hispanic .1","RANK % eligible for Medicare ","RANK Crude annual death rate all cause  ","RANK Population density in hundreds  ","RANK % dual-eligible for Medicare & Medicaid ","RANK % aged 25 to 34 ","RANK % aged 35 to 44 ","RANK % aged 45 to 54 ","RANK % aged 55 to 64 ","RANK % aged 65 to 74 ","RANK % aged 75 to 84 ","RANK % aged 85+ ","RANK % of population who are veterans ","RANK Nurse practitioners per 100000 residents  ","RANK Medical doctors aged <35 per 100000 residents  ","RANK Medical doctors aged 35 to 44 per 100000 residents  ","RANK Medical doctors aged 45 to 54 per 100000 residents  ","RANK Medical doctors aged 55 to 64 per 100000 residents  ","RANK Medical doctors aged 65 to 74 per 100000 residents  ","RANK Medical doctors aged 75+ per 100000 residents  ","RANK Medical specialists aged <35 per 100000 residents  ","RANK Medical specialists aged 35 to 44 per 100000 residents  ","RANK Medical specialists aged 45 to 54 per 100000 residents  ","RANK Medical specialists aged 55 to 64 per 100000 residents  ","RANK Medical specialists aged 65 to 74 per 100000 residents  ","RANK Medical specialists aged 75+ per 100000 residents  ","RANK Dentists aged <35 per 100000 residents  ","RANK Dentists aged 35 to 44 per 100000 residents  ","RANK Dentists aged 45 to 54 per 100000 residents  ","RANK Dentists aged 55 to 64 per 100000 residents  ","RANK Dentists aged 65+ per 100000 residents  ","RANK % aged 25 to 44 ","RANK % aged 45 to 64 ","RANK % aged 65+ ","RANK Early state Medicaid expansion status ","RANK Crude opiod-related death rate - imputed  ","RANK Crude cancer-related death rate - imputed  ","RANK Nurse practitioner prescribing authority ","RANK Presription drug monitoring programs (PDMP) "
"1","AK",0,0,0,0,0,0.0225317394677357,0,0,0,0,0,0,0,0,0,0,0,0,0,0,0,0,0,0,0,0,0,0,0.164089473366835,0,0,0,0,0,0,0,-0.0436806822866018,0,0,0,0,0,0,0,0.0538051900449471,0,0,0,0.000348671495300934,0,0,0,0,0,0,0,0,0,0,0.186549005179527,0,0,0,0,0,0,-0.116911820056652,0.0735835905008775,0,0,0,0,0.251001629629979,-0.0535458355336676,0,0,0,-0.216881511121637,0,-0.316158048564614,0,0,0.0416969148890973,-0.0538193063116052,0.168054422727893,0,0,0,0,0,0,0,0,0,0,-0.0102228823323264,0,0.268605925322827,0,-0.253895456113045,0,0,0.0565293787102442,0.172891695922189,0.0257145299267858,0,0,0,0.103246102488103,0,0,0,0,0,0,0,0,0,0,"Alaska","NA","NA","NA","NA","13","NA","NA","NA","NA","NA","NA","NA","NA","NA","NA","NA","NA","NA","NA","NA","NA","NA","NA","NA","NA","NA","NA","6","NA","NA","NA","NA","NA","NA","NA","NA","NA","NA","NA","NA","NA","NA","NA","10","NA","NA","NA","14","NA","NA","NA","NA","NA","NA","NA","NA","NA","NA","3","NA","NA","NA","NA","NA","NA","NA","8","NA","NA","NA","NA","2","NA","NA","NA","NA",-0.216881511121637,"NA","NA",0,"NA","11","NA","5","NA","NA","NA","NA","NA","NA","NA","NA","NA","NA","NA","NA","1","NA","NA","NA","NA","9","4","12","NA","NA","NA","7","NA","NA","NA","NA","NA","NA","NA","NA","NA","NA"
"2","AL",1,0,0,0,0.0383203531459525,0.0268358451144743,0,0,0,0,0,0,0,0,0,-0.139643972021541,0,-0.188529587796547,0,0,-0.0176181675490961,0,0,0,0,0,0,0,0,0,0,0,0,0.15862090102447,0,0,-0.060928432537918,0,0,0,0,0,0,0,0,0.0364413150397858,0.00357688686221217,0,0,0,0,0,0,0,0,0,0,0,0,0,0,0,-0.00583986055549722,0,-0.108634709813695,0,-0.255960452031279,0,0,0,-0.124514714003463,0,0.597973483443705,0.0446395496600515,0,0,0.0644577691596081,0,0,0,0.0616237762413937,0.0442295060107374,0.141570622619182,0,0,-0.0207165452612863,0,0,0,0.0735697495659005,0,0,0,0,-0.0401017465771188,0,0,0.0599339229433669,0,0,-0.0504666202881447,0,0,0,0,0,0.00693178053682716,0.0932492103220598,0.111393264143954,0.061199057805056,0,0,0,0,0,0.51229969737142,0,0,0,"Alabama","NA","NA","NA","14","16","NA","9","NA","NA","NA","NA","NA","NA","NA","NA","NA","NA","NA","NA","NA","NA","NA","NA","NA","NA","NA","NA","NA","NA","NA","NA","NA","3","NA","NA","NA","NA","NA","NA","NA","NA","NA","NA","NA","15","18","NA","NA","NA","NA","NA","NA","NA","NA","NA","NA","NA","NA","NA","NA","NA","NA","NA","NA","NA","NA","NA","NA","NA","NA","NA","1","12","NA","NA","8",0,"NA","NA",0.0616237762413937,"13","4","NA","NA","NA","NA","NA","NA","7","NA","NA","NA","NA","NA","NA","NA","11","NA","NA","NA","NA","NA","NA","NA","NA","17","6","5","10","NA","NA","NA","NA","NA","2","NA","NA","NA"
"3","AR",2,0,0,0,0,0.0832791054622532,0,0,0,0.0843342676454373,0,0,0,0,0,0,0,0,0,0,0,0,-0.0304951948189219,-0.052420848853137,-0.015057976153827,-0.18930450062189,0,0,0,0,0,0,0,0.0295858116066974,0,0,0,-0.417813347739648,0,0,0,0,0,0.0560850060221008,0,0.0368506406890078,0,0,0.0710640451534264,0,0,0,0,0,0,0,0,0,0,0,0,0,0,-0.0611134725761253,0,0,0,-0.00745862092925349,0.0304713204500187,0,-0.122153227932473,0,0.777421794344482,0,0,-0.116018515707758,0,0,0.185781945740343,0.106184258381899,0.116023820268496,0,0.101458317590865,0,0.0400032843421076,0,0,-0.0231307921285325,0,0.119847310710593,0,0,-0.120854128422775,-0.0277488777498958,0,0,0,0.0297009572741751,0,0.0242211677425157,0,-0.00324634005096323,0,0,-0.0413257004603922,0,0.0248748388447916,0,0.219127990736696,0,-0.0102602650259932,0,-0.0557344572971694,0,0,0.53661399522906,-0.0350245723647572,0,0,"Arkansas","NA","NA","NA","NA","10","NA","6","NA","9","NA","NA","NA","NA","NA","NA","NA","NA","NA","NA","NA","NA","NA","NA","NA","NA","NA","NA","NA","NA","NA","NA","NA","17","NA","NA","NA","NA","NA","NA","NA","NA","NA","12","NA","14","NA","NA","11","NA","NA","NA","NA","NA","NA","NA","NA","NA","NA","NA","NA","NA","NA","NA","NA","NA","NA","NA","15","NA","NA","NA","1","NA","NA","NA","NA",0,"4","7",0.116023820268496,"NA","8","NA","13","NA","NA","NA","NA","5","NA","NA","NA","NA","NA","NA","NA","16","NA","19","NA","NA","NA","NA","NA","NA","18","NA","3","NA","NA","NA","NA","NA","NA","2","NA","NA","NA"
"4","AZ",3,0,0,0,0,0,0,0,0,0,0,0,0,0,0,0,0,0,0,0,0,0,0,0,0,0,0,0,0,0,0,-0.0611460572891883,0,0.153842460855517,0,0,0,0,0,0,0,0,0,0,0,0,0,0,0.0398677383275894,0,0,0,0,0,0,0,0,0,0,0,0,0,0,0,0,0,0,-0.0938944701004591,1.31581988103722e-17,0,0,0,0,-0.0390917134610221,0,0.130907825140341,0,0,0,-0.131022912346246,0,0.0273072997918678,0.42552582418954,0,0,0,0,-0.0891418696325753,0,0,0,0,0,0,0,0,0,0,0,0,-0.0256689119665458,0,0,0,-0.0203511874549232,0,0.0624436379666697,0.000497514293267121,0.0243562311979277,0.31870450913334,0,0,0,0,0,0.157152229320859,0.224494758454121,0,0,"Arizona","NA","NA","NA","NA","NA","NA","NA","NA","NA","NA","NA","NA","NA","NA","NA","NA","NA","NA","NA","NA","NA","NA","NA","NA","NA","NA","NA","NA","NA","NA","NA","NA","5","NA","NA","NA","NA","NA","NA","NA","NA","NA","NA","NA","NA","NA","NA","8","NA","NA","NA","NA","NA","NA","NA","NA","NA","NA","NA","NA","NA","NA","NA","NA","NA","NA","NA","12","NA","NA","NA","NA","NA","NA","6","NA",0,"NA","NA",0,"9","1","NA","NA","NA","NA","NA","NA","NA","NA","NA","NA","NA","NA","NA","NA","NA","NA","NA","NA","NA","NA","NA","NA","NA","7","11","10","2","NA","NA","NA","NA","NA","4","3","NA","NA"
"5","CA",4,0,0,0,0,0,0,-0.503137006995563,0,0.146855830307445,0,0,0,0,0,0,0,0,0,0,0,0,0,0,0,0,0,0,0,0,-0.00774540366181335,0,0,0,0,0,0,0,0,0,0,0,0,0,0,0.0612347107459926,0,-0.304037587262476,0,0,0,0,0,0,0,0,0,0,0,0,0,0,0,-0.00237275103848356,0,0,-0.275464456201987,0,0,0,-0.00146359279827169,0,0,0,-0.0169200353062506,0.0354145788649723,0.0178499490626647,0,0,0,0,0,0.259700543324693,0,0.0526633847266853,0,0,-0.0935100889016829,0,0,0,0,0,-0.0187843860392924,0,0,0,0,0,0,-0.116799710967892,0,0,0.0559729917801053,0,0,0.0242245932482288,0,0,0,0.0905703379274004,0,-0.00847685699528251,0,0.0637400227534197,0.133925453241909,0,0,0,"California","NA","NA","NA","NA","NA","NA","NA","NA","2","NA","NA","NA","NA","NA","NA","NA","NA","NA","NA","NA","NA","NA","NA","NA","NA","NA","NA","NA","NA","NA","NA","NA","NA","NA","NA","NA","NA","NA","NA","NA","NA","NA","NA","NA","6","NA","NA","NA","NA","NA","NA","NA","NA","NA","NA","NA","NA","NA","NA","NA","NA","NA","NA","NA","NA","NA","NA","NA","NA","NA","NA","NA","NA","NA","9","11",0,"NA","NA",0,"NA","1","NA","8","NA","NA","NA","NA","NA","NA","NA","NA","NA","NA","NA","NA","NA","NA","NA","NA","NA","NA","7","NA","NA","10","NA","NA","NA","4","NA","NA","NA","5","3","NA","NA","NA"
"6","CO",5,0,0,-0.114271353292715,0,0,0,0.177018579823783,0,0.196653261980422,0,-0.115006756753399,-0.112128820975294,0,0,-0.00942558427942804,0,0,0,0,0,0,0,0,0,0,-0.0188093458371575,0.0750958864026511,0.060526763129014,0,0,0,0,0,0,0,-0.0151254439799451,0,-0.0402343466193054,0,0,0,0,0,0,0,-0.247261212742538,-0.15544322405089,-0.105602496703829,0,0,0,0,0,0,0,0,0,0,-0.240659136374366,0,0,0,-0.0327497694555049,-0.0862832134253172,0,-0.170046166933612,0,0.0751386747534002,-0.0554216542767753,0,0,0.0879869896687563,0.0769446422185567,0.0539867406230194,0,0,0,0.152273850550976,0.0677378727763129,0,0,0,0,0.0100506507548382,0,-0.221898859405372,0,-0.0114479127058088,0,0,0.120982514604666,0.145157354228323,0,0,0,0.161086410703064,0,0,-0.19157449148767,0,0,-0.00502464029107927,0.0942801825776035,0,0.0868304906168431,0,0.122787323218267,0,0.0694179103024448,0.0140901613330955,0,0,0,0,0.160127636759385,0.103865156713312,0,0,"Colorado","NA","NA","NA","NA","NA","NA","2","NA","1","NA","NA","NA","NA","NA","NA","NA","NA","NA","NA","NA","NA","NA","NA","NA","NA","NA","15","18","NA","NA","NA","NA","NA","NA","NA","NA","NA","NA","NA","NA","NA","NA","NA","NA","NA","NA","NA","NA","NA","NA","NA","NA","NA","NA","NA","NA","NA","NA","NA","NA","NA","NA","NA","NA","NA","NA","NA","14","NA","NA","NA","11","13","19","NA","NA",0,"5","17",0,"NA","NA","NA","21","NA","NA","NA","NA","NA","NA","8","6","NA","NA","NA","3","NA","NA","NA","NA","NA","NA","10","NA","12","NA","7","NA","16","20","NA","NA","NA","NA","4","9","NA","NA"
"7","CT",6,0,0,0,0,0,0,0,0,0.270341215468773,0,0,0,0,0,0,0,0,0,0,0,0,0,0,0,0,-0.142642805186309,0,0,0,0,0,0.206379183013873,0.0332849303823471,0,0,0,0,0,0,0,0,0,0,0,0,0,0,0.162498272044178,0,0,0,0,0,0,0,0,0,0,0,0,0,0,0,0,0,0,0,0,0,0,0,0,0.00106339578507698,0,0,0,0,0,0.0297138987413115,0,0.0822384652790109,0.0566915543586265,0,0.124065591111566,0,0,0,0,0,0,0,0.0148135736374903,0,0,0,0,0,0,0,0,0,0,0,0,0,-0.110797164102543,0,0,0,0,0,0,0,0,0,0.36408843081504,0,0,"Connecticut","NA","NA","NA","NA","NA","NA","NA","NA","2","NA","NA","NA","NA","NA","NA","NA","NA","NA","NA","NA","NA","NA","NA","NA","NA","NA","NA","NA","NA","NA","NA","3","8","NA","NA","NA","NA","NA","NA","NA","NA","NA","NA","NA","NA","NA","NA","4","NA","NA","NA","NA","NA","NA","NA","NA","NA","NA","NA","NA","NA","NA","NA","NA","NA","NA","NA","NA","NA","NA","NA","NA","11","NA","NA","NA",0,"NA","9",0,"6","7","NA","5","NA","NA","NA","NA","NA","NA","NA","10","NA","NA","NA","NA","NA","NA","NA","NA","NA","NA","NA","NA","NA","NA","NA","NA","NA","NA","NA","NA","NA","NA","NA","1","NA","NA"
"8","DC",7,0,0,0,0,0,0,0,0,0,0,0,0,0,0,0,0,0,0,0,0,0,0,0,0,0,0,0,0,0,0,0,0,0,0,0,0,0,0,0,0,0,0,0,0,0,0,0,0,0,0,0,0,0,0,0,0,0,0,0,0,0,0,0,0,0,0,0,0,0,0,0,0.413893436772079,0,0,0,0,0,0,0,0,0,0,0,0,0,0,0,0,0,0,0,0,0,0,0,0,0,0,0,0,0,0,0,0,0,0,0,0,0,0,0,0,0,0,0,0,0,0,"Washington D.C.","NA","NA","NA","NA","NA","NA","NA","NA","NA","NA","NA","NA","NA","NA","NA","NA","NA","NA","NA","NA","NA","NA","NA","NA","NA","NA","NA","NA","NA","NA","NA","NA","NA","NA","NA","NA","NA","NA","NA","NA","NA","NA","NA","NA","NA","NA","NA","NA","NA","NA","NA","NA","NA","NA","NA","NA","NA","NA","NA","NA","NA","NA","NA","NA","NA","NA","NA","NA","NA","NA","NA","1","NA","NA","NA","NA",0,"NA","NA",0,"NA","NA","NA","NA","NA","NA","NA","NA","NA","NA","NA","NA","NA","NA","NA","NA","NA","NA","NA","NA","NA","NA","NA","NA","NA","NA","NA","NA","NA","NA","NA","NA","NA","NA","NA","NA","NA","NA"
"9","DE",8,0,0,0,0,0,0,0,0,0.37524880520593,0,0,0,0,0,0,0,0,0,0,0,0,0,0,0,0,0,0,-0.12302038222955,0,0,0,0,0,0,0,0,0,0,0,0,0,0,0,0,0,0,0,0.371075506703116,0,0,0,0,0,0,0,0,0,0,0,0,0,0,0,0,0,0,-0.550642864164296,0,0,0,0,0.0829049572424914,0,-0.0493107303472435,0,0,0,0,0,0,0,0,0,0,0,0,0,0,0,0,0,0,0,0,0,0,0,0,0,0,0,0,0,0,0,-0.161200085487335,0,0,0,-0.00197371192024138,0,0,0,0,0,0,0,0,"Delaware","NA","NA","NA","NA","NA","NA","NA","NA","1","NA","NA","NA","NA","NA","NA","NA","NA","NA","NA","NA","NA","NA","NA","NA","NA","NA","NA","NA","NA","NA","NA","NA","NA","NA","NA","NA","NA","NA","NA","NA","NA","NA","NA","NA","NA","NA","NA","2","NA","NA","NA","NA","NA","NA","NA","NA","NA","NA","NA","NA","NA","NA","NA","NA","NA","NA","NA","NA","NA","NA","NA","3","NA","NA","NA","NA",0,"NA","NA",0,"NA","NA","NA","NA","NA","NA","NA","NA","NA","NA","NA","NA","NA","NA","NA","NA","NA","NA","NA","NA","NA","NA","NA","NA","NA","NA","NA","NA","NA","NA","NA","NA","NA","NA","NA","NA","NA","NA"
"10","FL",9,-0.258590256763177,0,-0.0884134679926062,0,0,0,0,0,0.261475125342969,0,0,0,0,0,-0.105237290449891,0,0,0,0,0,0,0,0,0,0,0,0,-0.00333712528052787,0,0,0,0,0.0495048902641399,0,0,0,0,-0.0250997470026735,0,0,-0.089068240038488,0,0,0,-0.0547814491084177,0,-0.0463142485293374,0,0,0,0,0,0,0,0,0,0,0,0,0,0,-0.0107274872920609,0,-0.11822498376488,0,0,-0.169890156666645,0,0,0,0,0.442708801311178,0.0653220410545996,0,-0.181676797759112,0.212551095674977,0,-0.197335693557931,0,-0.0867045820761428,0,0,0,-0.00151698983783791,0,0,0.0223551498317283,0,0,0,-0.16143132491665,0.257394743903514,0.307454473528343,0,-0.199046175749424,0,0.0933076931407586,0,0,0,0,0,0,0,0.0168997269783797,0,-0.0219708976509082,0,0,0.066684757564119,0,0,-0.0479991704853393,0,0.166504078613134,0,0,0,"Florida","NA","NA","NA","NA","NA","NA","NA","NA","3","NA","NA","NA","NA","NA","NA","NA","NA","NA","NA","NA","NA","NA","NA","NA","NA","NA","NA","NA","NA","NA","NA","NA","10","NA","NA","NA","NA","NA","NA","NA","NA","NA","NA","NA","NA","NA","NA","NA","NA","NA","NA","NA","NA","NA","NA","NA","NA","NA","NA","NA","NA","NA","NA","NA","NA","NA","NA","NA","NA","NA","NA","1","9","NA","NA","5",0,"NA","NA",-0.0867045820761428,"NA","NA","NA","NA","NA","NA","11","NA","NA","NA","NA","4","2","NA","NA","NA","7","NA","NA","NA","NA","NA","NA","NA","12","NA","NA","NA","NA","8","NA","NA","NA","NA","6","NA","NA","NA"
"11","GA",10,0,0,0,0,0,0,0,-0.00763708097369332,0.0372832337703458,0,0,0,0,0,0,0,0,0,0,0,0,0,0,0,0,-0.00107580245716467,0,0,0,-0.00296587582583048,0,0,0.121590493776764,0,0,0,0,0,0,-0.0326115815636846,0,0,0,0,0,0.0388795944324492,0,0.0712357270072768,0,-0.00382275247864402,0,0,-0.060751164803298,0,-0.0291791675894029,0,0,0,0,0,0,0,0,-0.0918323350523118,0,-0.145117141170405,0,0.092388370929747,0,-0.268305792447152,0,0.402346024541044,0.00491817282387147,0,-0.060175430326402,0.0405932447530449,0,0,0,0,0,0,0,0.151100186913483,0,-0.0124084633406431,-0.0569094283144574,0,0.00415105991131001,0.00397229421829337,0,0,0,0,0,0,0,0,0,-0.0224143323965645,0,0.031055712655022,0.105627121230521,0,0,0.0353332004268882,0,0.146853339265796,0,0,0,0,0,0,0.622043613453985,0,0,0,"Georgia","NA","NA","NA","NA","NA","NA","NA","NA","11","NA","NA","NA","NA","NA","NA","NA","NA","NA","NA","NA","NA","NA","NA","NA","NA","NA","NA","NA","NA","NA","NA","NA","5","NA","NA","NA","NA","NA","NA","NA","NA","NA","NA","NA","NA","10","NA","8","NA","NA","NA","NA","NA","NA","NA","NA","NA","NA","NA","NA","NA","NA","NA","NA","NA","NA","NA","7","NA","NA","NA","2","14","NA","NA","9",0,"NA","NA",0,"NA","NA","NA","3","NA","NA","NA","NA","15","16","NA","NA","NA","NA","NA","NA","NA","NA","NA","NA","NA","13","6","NA","NA","12","NA","4","NA","NA","NA","NA","NA","NA","1","NA","NA","NA"
"12","HI",11,0,0,0,0,0,0,0,0,0.0932931672911972,0,0,0,0,0,0,0,0,0,0,0,0,0,0,0,0,0,0,-0.00946493803664787,0,0,0,0,0,0,0,0,0,0,0,0,0,0,0,0,0,0.0674993612343841,-0.0195327855037398,0,0,0,0,0,0,0,0,0,0,0,0,0,0,0,0,0,0,0,0,0,0,-0.252033773335117,0,0,0,0,0,0.0620786076866725,0,0,0,0.102538085353827,0,0,0,0,0,0,0,0,0,0,0,0,-0.207871563300118,0,0,-0.264352137105329,0.00228775832373066,0,0,-0.0537762799841796,0,0,0,0,0,0,0,-0.0236143918667395,0,0,0,0,0,0,0,0,0,0,"Hawaii","NA","NA","NA","NA","NA","NA","1","NA","2","NA","NA","NA","NA","NA","NA","NA","NA","NA","NA","NA","NA","NA","NA","NA","NA","NA","NA","NA","NA","NA","NA","NA","NA","NA","NA","NA","NA","NA","NA","NA","NA","NA","NA","NA","NA","3","NA","NA","NA","NA","NA","NA","NA","NA","NA","NA","NA","NA","NA","NA","NA","NA","NA","NA","NA","NA","NA","NA","NA","NA","NA","NA","NA","NA","NA","4",0,"NA","NA",0.102538085353827,"NA","NA","NA","NA","NA","NA","NA","NA","NA","NA","NA","NA","NA","NA","NA","NA","5","NA","NA","NA","NA","NA","NA","NA","NA","NA","NA","NA","NA","NA","NA","NA","NA","NA","NA","NA","NA","NA"
"13","IA",12,-0.0988417581246497,0,0,0,0.0449704734274939,0,0,0,0.124337079680645,0,0,0,0,0,0,0,-0.0904241456001067,0,0,0,0,0,0,0,0,-0.0684522375343522,-0.0772030335384625,0,0,0,0,0,0.0767913188698764,0,0,-0.0527360932560917,0,-0.132027725389536,0,0,0,0,0.0252395464569161,0,0.173057688053563,-0.105128942692367,0,0,0,0,-0.0394549626895639,0,0,0,0,0,0,0,0,0,0,0,-0.101535630981964,-0.0493232073174172,0,-0.315346454506853,0,0,0,0,0.403387590729603,0.0140141662057099,0.0502134220685423,0,-0.0473139144436156,0,0,0,0,0,-0.0377506769278067,0.0819651112747622,0,0.228191411001748,0,0,-0.0327363771002516,0.00221410321929628,0,0,0,-0.0453772306318359,0,0,0,0,0.00654863815332189,0.0773696255934522,-0.00524062316339094,0,0,0,0,0,-0.0219701336774426,0.0591595840585577,0,0.0722293040857877,0,0,0,0,0,0,0.320315042905478,0.00901523317415932,0,0,"Iowa","NA","NA","NA","NA","12","NA","NA","NA","5","NA","NA","NA","NA","NA","NA","NA","NA","NA","NA","NA","NA","NA","NA","NA","NA","NA","NA","NA","NA","NA","NA","NA","8","NA","NA","NA","NA","NA","NA","NA","NA","NA","13","NA","4","NA","NA","NA","NA","NA","NA","NA","NA","NA","NA","NA","NA","NA","NA","NA","NA","NA","NA","NA","NA","NA","NA","NA","NA","NA","1","14","11","NA","NA","NA",0,"NA","NA",0,"NA","6","NA","3","NA","NA","NA","17","NA","NA","NA","NA","NA","NA","NA","NA","16","7","NA","NA","NA","NA","NA","NA","NA","10","NA","9","NA","NA","NA","NA","NA","NA","2","15","NA","NA"
"14","ID",13,0,0,0,0,0,0,-0.0460997154067884,0,0,0,0,0,0,0,0,0,0,0,0,0,0,0,0,0,0,0,-0.0254159846860704,0,0,0,0,0,0.196992084798096,0,0,0,0,0,0,0,0,0,0,0,0,-0.0230685928939097,0,0,0,0,0,0,0,0,0,0,0,0,0,0,0,0,-0.0148362802349644,0,0.0823360054073727,0,0,0.0141562155704665,0,0,0,0,0.136106252028901,0,-0.0506469693314129,0,0,0,0,0,0,0.0962745435268391,0,0.436933095171468,0,0,-0.10056036303538,0,0,0,0.0529043720374574,0,-0.0412724709649454,0,0,0.175890090731136,0.028485255712949,0,0,0,0,-0.0488322035043145,0,0,0,0.0337774986738109,0,0.147782234909868,0,0,0,0,0,0,0.243644904770796,0.0165410031625293,0.0488821983806973,0,"Idaho","NA","NA","NA","NA","NA","NA","NA","NA","NA","NA","NA","NA","NA","NA","NA","NA","NA","NA","NA","NA","NA","NA","NA","NA","NA","NA","NA","NA","NA","NA","NA","NA","3","NA","NA","NA","NA","NA","NA","NA","NA","NA","NA","NA","NA","NA","NA","NA","NA","NA","NA","NA","NA","NA","NA","NA","NA","NA","NA","NA","NA","NA","NA","NA","8","NA","NA","14","NA","NA","NA","NA","6","NA","NA","NA",0,"NA","NA",0,"NA","7","NA","1","NA","NA","NA","NA","NA","NA","9","NA","NA","NA","NA","4","12","NA","NA","NA","NA","NA","NA","NA","NA","11","NA","5","NA","NA","NA","NA","NA","NA","2","13","10","NA"
"15","IL",14,0,0,0,0,-0.0851193331785575,-0.00462470439448741,-0.043277584581634,0,0.0606147707344095,0,0,0,0,0,0,0,0,0,0,0,0,0,0,0,0,0,0,0,0,0,-0.015847336931887,0,0.159639621635819,0,0,0,0,0,0,0,0,0,0,0,0.132478522779284,0,0,-0.0752337054233752,0,0,0,0,0,0,0,0,0,0,0,0,0,0,-0.0813738930987615,-0.0749355496788897,0.0770233819964505,-0.105514045354132,0,0,0,0,0,0,0.163827658326468,0.0260184050312257,-0.0375770086814141,0.0663377618254995,0,-0.0103191799174357,0,0,0,0,0,0.169144007819993,0,0,0,0,0,0,0,0,0.029344545768596,0,0,0,0,0,0,0,0,0,0.0199827446653453,0,-0.0720408865141294,0.0364819519288196,0.0419441002461292,0.125031184871882,0.0251634042963861,0,0,0,0,0,0.453840778626506,0.00639830062738534,0,0,"Illinois","NA","NA","NA","NA","NA","NA","NA","NA","9","NA","NA","NA","NA","NA","NA","NA","NA","NA","NA","NA","NA","NA","NA","NA","NA","NA","NA","NA","NA","NA","NA","NA","4","NA","NA","NA","NA","NA","NA","NA","NA","NA","NA","NA","5","NA","NA","NA","NA","NA","NA","NA","NA","NA","NA","NA","NA","NA","NA","NA","NA","NA","NA","NA","7","NA","NA","NA","NA","NA","NA","NA","3","13","NA","8",0,"NA","NA",0,"NA","NA","NA","2","NA","NA","NA","NA","NA","NA","NA","NA","12","NA","NA","NA","NA","NA","NA","NA","NA","NA","15","NA","NA","11","10","6","14","NA","NA","NA","NA","NA","1","16","NA","NA"
"16","IN",15,0,-0.00260847846694557,-0.0347297850661062,0,0,0,0,0,0.0897990925628865,-0.198749104392089,-0.0776421175210583,0,-0.00812551372206632,0,0,0,0,0,0,-0.0296705799822604,0,0,0,0,0,0,-0.0556793383084076,0,0,0,0,-0.0168041520714279,0.00733605975133106,0,0,0,0,0,0,-0.206223070462737,0,0,0.0894809511389984,0,0,-0.0376282622995201,0,0,0,0,0,0,0,0,0,0,0,0,0,0,0,0,0,-0.0528556581729599,0,-0.106749469237516,0,0.0645093282207698,0,0,0,0.580039399192169,0.127936073859597,0,-0.0153673113926381,0,0,0,-0.00216366944807007,0,0,0.056452600248289,0,0.365383292513048,0,0,0,-0.0037855690483239,0,0,-0.100287792270589,0,0,0,0,0,0,0,0,0,0,0,0.0312953565167341,0,0,0,0.132782108262534,0,0.00972231995116016,0,0.057425606245641,-0.0723001150914385,0,0,0.299280532937837,0.0289357664820103,0,0,"Indiana","NA","NA","NA","NA","NA","NA","NA","NA","6","NA","NA","NA","NA","NA","NA","NA","NA","NA","NA","NA","NA","NA","NA","NA","NA","NA","NA","NA","NA","NA","NA","NA","14","NA","NA","NA","NA","NA","NA","NA","NA","NA","7","NA","NA","NA","NA","NA","NA","NA","NA","NA","NA","NA","NA","NA","NA","NA","NA","NA","NA","NA","NA","NA","NA","NA","NA","8","NA","NA","NA","1","5","NA","NA","NA",0,"NA","NA",0,"NA","10","NA","2","NA","NA","NA","NA","NA","NA","NA","NA","NA","NA","NA","NA","NA","NA","NA","NA","NA","NA","11","NA","NA","NA","4","NA","13","NA","9","NA","NA","NA","3","12","NA","NA"
"17","KS",16,0,0,0,0,0,0,-0.0458598978126408,0,0.0184613104299232,0,0,0,0,0,-0.0654856631176313,0,0,0,0,0,0,0,0,0,0,0,-0.0287893820494975,0,0,0,0,0,0.0146150225064966,0,0,0,0,0,0,0,0,0,0.0186782484199574,0.109191013300403,0.000136122447358838,-0.0418567592008791,0,0,0,0,0,0,0,0,0,0,0,0,0,0,0,0,0.0491571231107051,-0.0460274987639043,0.0255093488578383,-0.19144068985383,0,0.0446220034646032,-0.0245496374665771,0,0,0.121273915311883,0.202474531685277,0.0391042186249046,-0.0172666999889823,-0.00517556607568786,0,0.0825630319110808,0.0440601651849992,0,-0.143783738145278,0,0,0.515440156486818,-0.0311625044431287,0,0,0,0,0,0.117511410831704,-0.13867794973549,0,0.00309589274257503,0,0.0452362890749573,0.152127826063526,-0.086234531285037,0,0,-0.110721716092891,-0.00117125814148165,0.0780816132354286,0,0,0,0,0.0457000293250923,0,-0.0375834098751481,-0.0330511760335906,0,0,0,0.282818029643793,0,0,0,"Kansas","NA","NA","NA","NA","NA","NA","NA","NA","18","NA","NA","NA","NA","NA","NA","NA","NA","NA","NA","NA","NA","NA","NA","NA","NA","NA","NA","NA","NA","NA","NA","NA","19","NA","NA","NA","NA","NA","NA","NA","NA","NA","17","7","21","NA","NA","NA","NA","NA","NA","NA","NA","NA","NA","NA","NA","NA","NA","NA","NA","NA","10","NA","16","NA","NA","13","NA","NA","NA","5","3","15","NA","NA",0,"8","14",0,"NA","NA","NA","1","NA","NA","NA","NA","NA","NA","6","NA","NA","20","NA","12","4","NA","NA","NA","NA","NA","9","NA","NA","NA","NA","11","NA","NA","NA","NA","NA","NA","2","NA","NA","NA"
"18","KY",17,0,0,0,0,0,0,0,0,0.00621191188448248,0,0,0,0,0,0,0,0,0,-0.145509231414919,0,0,0,0,0,0,0,0,-0.00324420296878401,0,0,0,0,0.0768873055403369,0,0,-0.0580573398206624,0,0,0,-0.0538116730404594,0,0,0.0326945474403265,0,0,0,0,-0.0135692005374225,0,0,0,0,0,0,0,-0.103162070851633,0,-0.166401096588799,0,-0.00470233840983179,0,0,0.0248784452203695,-0.086041985738812,0,-0.0535976501992381,0,0.111563571577557,0,-0.0237196599289941,0,0.669873535250988,0,0.101206960821723,0.00405203881844,0,0,0,0,0,0.0286332185685319,0.0455693208556154,-0.106345143536348,0.2438929780834,0,0,0,0.0160371575298737,0,0,0,0,0.0609421397459798,0,0,0,0.0608545977639332,0,0,0,0,0.0590750553779971,0,0,0,0,0,0.000895770622793784,0,0,0,0.0210157042394609,0,0,0.334159614917994,0,0,-0.0505135514885331,"Kentucky","NA","NA","NA","NA","NA","NA","NA","NA","16","NA","NA","NA","NA","NA","NA","NA","NA","NA","NA","NA","NA","NA","NA","NA","NA","NA","NA","NA","NA","NA","NA","NA","6","NA","NA","NA","NA","NA","NA","NA","NA","NA","11","NA","NA","NA","NA","NA","NA","NA","NA","NA","NA","NA","NA","NA","NA","NA","NA","NA","NA","NA","13","NA","NA","NA","NA","4","NA","NA","NA","1","NA","5","17","NA",0,"NA","NA",0,"12","10","NA","3","NA","NA","NA","15","NA","NA","NA","NA","7","NA","NA","NA","8","NA","NA","NA","NA","9","NA","NA","NA","NA","NA","18","NA","NA","NA","14","NA","NA","2","NA","NA","NA"
"19","LA",18,0,0,0,0,0,0,0,0,-0.0663565305359178,0,0,0,-0.248479735136464,0,0,0,0,0,0,0,0,-0.0103936763462057,-0.00363804180400543,0,-0.181140843892991,0,-0.000651213123347004,0,0,0,0,0.0580546324877521,0.105438127168571,0,0,0,-0.375045311146853,0,0,0,0,0,0,0,-0.140326922611076,0,0,0,0,0,0,0,0,0,0,0,0,0,-0.0329756057260386,0,0,0,0,-0.132497696760133,0,0,-0.0315370631360016,0.0756025259151799,0,-0.173109198030912,0,1.13190751919647,0,0,0,0.0631490710468433,0,-0.0316011467634833,0,0.146140530542938,0,0,0,0.299786610608692,0.114580237588274,-0.0247189300907507,0,0,0,0,-0.0908354450645405,-0.212383890170811,0,0,0,0,0,0,0.137712650115078,0,-0.0964803837557199,0,0.0726898924073914,0,0,0.0470228492846138,0,0.0699484810021725,0.052583081813447,0,0,-0.0120213672056109,0,0,0.339824840374671,0,0,0,"Louisiana","NA","NA","NA","NA","NA","NA","4","NA","NA","NA","NA","NA","NA","NA","NA","NA","NA","NA","NA","NA","NA","NA","NA","NA","NA","NA","NA","NA","NA","NA","NA","12","7","NA","NA","NA","NA","NA","NA","NA","NA","NA","NA","NA","NA","NA","NA","NA","NA","NA","NA","NA","NA","NA","NA","NA","NA","NA","NA","NA","NA","NA","NA","NA","NA","NA","NA","8","NA","NA","NA","1","NA","NA","NA","11",0,"NA","NA",0.146140530542938,"NA","NA","NA","3","6","NA","NA","NA","NA","NA","NA","NA","NA","NA","NA","NA","NA","NA","5","NA","NA","NA","9","NA","NA","14","NA","10","13","NA","NA","NA","NA","NA","2","NA","NA","NA"
"20","MA",19,0,-0.0859531284186753,0,0,0.0999786152011493,0,0,0,0.143843267795945,0,0,0,0,0,-0.168521005052627,0,0,0,0,0,-0.0594959272554385,0,0,0,-0.194677832555299,0,0,0,0,0,0.00296067844199546,0,0,0,0,0,0,0,-0.0654415288307989,0,0,0,0,0,0,0,-0.396502413673549,0,0,0,0,0,0,0,0,0,0,0,0,0,0,0,0,0.00293461334599976,-5.35726665850869e-16,0,0,0,0,0,0,0.355233543998651,0,0,0,0,0,0,0.17796831454825,0,0,0,0,0,-0.346913061261416,0,0,0,0,0,0,0,0,0,0,0,0.167950154197589,0,0.222225701236218,0,0,0,0,0,-0.0957568762816075,0,-0.0073124899928334,0,0,0,0,0,0,0,0,0,0,0,"Massachusetts","NA","NA","NA","NA","6","NA","NA","NA","5","NA","NA","NA","NA","NA","NA","NA","NA","NA","NA","NA","NA","NA","NA","NA","NA","NA","NA","NA","NA","NA","7","NA","NA","NA","NA","NA","NA","NA","NA","NA","NA","NA","NA","NA","NA","NA","NA","NA","NA","NA","NA","NA","NA","NA","NA","NA","NA","NA","NA","NA","NA","NA","NA","8","NA","NA","NA","NA","NA","NA","NA","1","NA","NA","NA","NA",0,"NA","3",0,"NA","NA","NA","NA","NA","NA","NA","NA","NA","NA","NA","NA","NA","NA","NA","NA","4","NA","2","NA","NA","NA","NA","NA","NA","NA","NA","NA","NA","NA","NA","NA","NA","NA","NA","NA","NA","NA"
"21","MD",20,-0.172187641601383,-0.00445370326472698,-0.0810120042340764,0,0,-0.165851175759733,-0.0587345634405247,0,0.290451752527807,0,0,0,0,0,0,0,0,0,0,0,0,0,0,0,0,0,-0.0333018206188281,0,0,0,0,0,0,0,0,0,0,0,0,0,0,0,-0.107372381390437,0,0,-0.00477227292656974,0,0.121699325598531,0,0,0,0,0,0,0,0,0,0,0,0,0,0,0,0,0,0,0,0,0,0,0,0.0933251337738147,0.1462594891682,0.0303133649442813,0,0.125433435764274,0,0,0,0,0,0,0,0,0,0,0,0,0,0,0,0.402742764436463,0,0,0,0,0,0,0.0942730301564582,0,-0.0510749532294322,-0.111423750417255,0.553444984999171,0,-0.2609579829422,0,-0.038909368421229,-0.122817002284707,0,0.104812967559922,0,0,0,0,0.0939625757722798,0,0,0,"Maryland","NA","NA","NA","NA","NA","NA","NA","NA","3","NA","NA","NA","NA","NA","NA","NA","NA","NA","NA","NA","NA","NA","NA","NA","NA","NA","NA","NA","NA","NA","NA","NA","NA","NA","NA","NA","NA","NA","NA","NA","NA","NA","NA","NA","NA","NA","NA","6","NA","NA","NA","NA","NA","NA","NA","NA","NA","NA","NA","NA","NA","NA","NA","NA","NA","NA","NA","NA","NA","NA","NA","10","4","11","NA","5",0,"NA","NA",0,"NA","NA","NA","NA","NA","NA","NA","NA","NA","NA","NA","2","NA","NA","NA","NA","NA","NA","8","NA","NA","NA","1","NA","NA","NA","NA","NA","NA","7","NA","NA","NA","NA","9","NA","NA","NA"
"22","ME",21,0,0,0,0,0,0,0,0,0.250371050571395,0,0,0,0,0,0,0,0,0,0,0,0,0,0,0,0,0,0.160226351769707,-0.11655417996743,0,0.0381320315015424,0.0988186345085442,0,0,0,0,0,0,0,0,0,0,0,0,0,0.296133200362779,0,-0.114210258921033,0,0,0,0,0,0,0,0,0,0,-0.373399171926714,0,0,0,-0.0262618548131488,0.0390155844030725,0,0,0,0,0,0,0,0,0.596722531036442,0.19881321248974,0,0,-0.0441677392534793,0,0,0,-0.0618866433684548,-0.0376470327284554,0,0,0,0,0.107522045697634,-0.0575592909360665,0,0,0,0,0.14881676049215,0,0,0,0.0120366217854553,0,0,0,0,0,0,0,0,0,0,0.102406688045192,0,0,0.0555516880169149,0,0,0,0,0,0,0.083660811181399,0,"Maine","NA","NA","NA","NA","NA","NA","NA","NA","3","NA","NA","NA","NA","NA","NA","NA","NA","NA","NA","NA","NA","NA","NA","NA","NA","NA","5","NA","NA","13","9","NA","NA","NA","NA","NA","NA","NA","NA","NA","NA","NA","NA","NA","2","NA","NA","NA","NA","NA","NA","NA","NA","NA","NA","NA","NA","NA","NA","NA","NA","NA","12","NA","NA","NA","NA","NA","NA","NA","NA","1","4","NA","NA","NA",0,"NA","NA",-0.0618866433684548,"NA","NA","NA","NA","NA","7","NA","NA","NA","NA","NA","6","NA","NA","NA","14","NA","NA","NA","NA","NA","NA","NA","NA","NA","NA","8","NA","NA","11","NA","NA","NA","NA","NA","NA","10","NA"
"23","MI",22,0,0,0,0,0.15886836790057,-0.0901880037326134,0,0,0,0,0,0,0,0,0,0,0,-0.0679408052531136,-0.0114812307136292,0,0,0,0,0,0,0,0,0,0,0,0,0,0.23279962129562,0,0,0,0,0,0,0,0,0,0,0,0.0433183186221563,0,0,0,0,0,0,0,0,0,0,0,0,0,0,0,0,0,-0.16294472122817,-0.0829717694904158,0.0231555730779642,-0.111980888277605,0,0,0,0,0,0,0.0948918399614102,0,-0.054903527092274,0,0,-0.0812903397984428,0,0,0,0,0,0.457305954859069,0,0,0,0,0,0,-0.116701864884704,0,0.0438574945949483,0,0,0,0.0880348201007416,-0.069097603421422,0,-0.0747512570538972,0,-0.0344608491979907,0,0,0.0352823016795805,0.0117525002373201,0,0.188054377952468,0.0576560898831846,-0.0235279042288276,0,0,0,0,0.336866914761826,0,0,0,"Michigan","NA","NA","NA","NA","5","NA","NA","NA","NA","NA","NA","NA","NA","NA","NA","NA","NA","NA","NA","NA","NA","NA","NA","NA","NA","NA","NA","NA","NA","NA","NA","NA","3","NA","NA","NA","NA","NA","NA","NA","NA","NA","NA","NA","10","NA","NA","NA","NA","NA","NA","NA","NA","NA","NA","NA","NA","NA","NA","NA","NA","NA","NA","NA","12","NA","NA","NA","NA","NA","NA","NA","6","NA","NA","NA",0,"NA","NA",0,"NA","NA","NA","1","NA","NA","NA","NA","NA","NA","NA","NA","9","NA","NA","NA","7","NA","NA","NA","NA","NA","NA","NA","11","13","NA","4","8","NA","NA","NA","NA","NA","2","NA","NA","NA"
"24","MN",23,-0.327988330167511,0,0,-0.142860642595292,0.01368979916927,0,-0.0981385419847225,0,0.146801129185874,0,0,0,0,0,0,-0.2389912200456,0,0,0,0,0,0,0,0,0,-0.0171137115867033,-0.0278959197674222,0.0315188458815311,0,-0.0105580382958342,0,-0.039027123556805,0,0,0,0,0,0,0,-0.0764663932637709,0,0,0,-0.176013226649374,0,0,0.0118700457956066,0.0170853690244457,0,0,0,0,0,0,0,0,0,0,0,0,0,0,-0.0110038352126222,-0.0185981064240237,0.108876840458654,-0.0389674069676588,0,0.137362739322872,-0.03865062032316,0,0.477029874795773,0,0.199523354952195,0,-0.0473856818887114,0,0,0,0,0,0.0158240724543672,0.00683444254795753,0,0.323172849661843,0,0.252328747859661,-0.009316309495684,0,0.0727355696053954,-0.212684887531257,0,0.0785639999167836,0,0,0,0.233751106964355,0,0,0.1433742113713,0,0,0,0,0,-0.0711960472893046,0.0117356194514256,0.0382853131832329,0.0471185788783468,0.106764774622039,-0.0482348190868328,0,0,0,0.231233051730212,0.240532775448574,0.134692819039275,0,0,"Minnesota","NA","NA","NA","NA","21","NA","NA","NA","8","NA","NA","NA","NA","NA","NA","NA","NA","NA","NA","NA","NA","NA","NA","NA","NA","NA","NA","18","NA","NA","NA","NA","NA","NA","NA","NA","NA","NA","NA","NA","NA","NA","NA","NA","NA","NA","22","19","NA","NA","NA","NA","NA","NA","NA","NA","NA","NA","NA","NA","NA","NA","NA","NA","12","NA","NA","10","NA","NA","1","NA","7","NA","NA","NA",0,"NA","NA",0,"20","24","NA","2","NA","3","NA","NA","15","NA","NA","14","NA","NA","NA","5","NA","NA","9","NA","NA","NA","NA","NA","NA","23","17","16","13","NA","NA","NA","NA","6","4","11","NA","NA"
"25","MO",24,0,0,0,0,0,0,0,0,0.0358920017982233,-0.0162586661390692,0,0,0,0,0,0,0,0,-0.197048114847463,0,0,-0.0207927134802538,0,0,0,-0.132070049099283,0.000669533631542652,0,0,0,0,0,0.112578664503539,0,0,0,0,0,0,-0.0338145984897509,0,0,0.022167138179885,0,0.145644360330269,0,0,0,0,0,-0.224495710077063,0,0,0,0,0,0,0,0,0,0,0,-0.000167910598575926,-0.105912351807957,0,-0.23650349371715,0,0.0663734406718852,0,-0.363644294652145,0,0.770812573886312,0.0746790599045801,0,-0.0101913446876965,0,0,0.00944446394688912,0,0.0200911440313212,0.1823536937122,0,0,0.17137548759144,0,0,-0.0197758203544381,0,0,0,-0.0976195462921632,-0.0283548580699348,0,0,0,0.0288112917244785,0.0185230836172484,0,0,0,0,0.129444262720052,0,-0.0151046469751284,0,0.0553373364651506,0,0.0900316767289392,0,-0.000614375062998638,0,0,0,0,0.32598833960372,0,0,0,"Missouri","NA","NA","NA","NA","NA","NA","15","NA","12","NA","NA","NA","NA","NA","NA","NA","NA","NA","NA","NA","NA","NA","NA","NA","NA","NA","18","NA","NA","NA","NA","NA","7","NA","NA","NA","NA","NA","NA","NA","NA","NA","14","NA","5","NA","NA","NA","NA","NA","NA","NA","NA","NA","NA","NA","NA","NA","NA","NA","NA","NA","NA","NA","NA","NA","NA","10","NA","NA","NA","1","9","NA","NA","NA",0,"17","NA",0.0200911440313212,"3","NA","NA","4","NA","NA","NA","NA","NA","NA","NA","NA","NA","NA","NA","13","16","NA","NA","NA","NA","6","NA","NA","NA","11","NA","8","NA","NA","NA","NA","NA","NA","2","NA","NA","NA"
"26","MS",25,0,0,0,0,0,0,0,0,0,0,0,0,0,0,0,0,0,0,0,0,0,0,0,0,-0.00720844713039861,0,0,-0.0270571856726621,-0.0136921682016458,0,0,0,0.00425020049416412,0,0,0,0,-0.301599641655243,0,-0.09181521491031,0,0,0.0358961096662572,0,0,0.0632401197014466,0,0,0,0,0,-0.0442861016931593,0,-0.0801253473171188,0,0,0,0,0,0,0,0,-0.0472685203180676,-0.0437569830001176,0,-0.203429361299147,0,0,0,-0.102505643228291,0,0.969638804731722,0.0230984139066422,-0.0572493524581475,-0.010883726484312,0,0,0,0,0,0,0.0440577506355028,0,0,0,-0.0558398459697035,0,0,0,0,0.0636859118283965,0,-0.0503273188547061,0,0,0,0,-0.0737734169063925,0,0,0,0,0,0,0,0.0283383027050124,0.024498515700586,0.0752646393148979,0.0559391194537411,0,0,0,0,0,0.556273627356326,0,0,0,"Mississippi","NA","NA","NA","NA","NA","NA","NA","NA","NA","NA","NA","NA","NA","NA","NA","NA","NA","NA","NA","NA","NA","NA","NA","NA","NA","NA","NA","NA","NA","NA","NA","NA","12","NA","NA","NA","NA","NA","NA","NA","NA","NA","8","NA","NA","5","NA","NA","NA","NA","NA","NA","NA","NA","NA","NA","NA","NA","NA","NA","NA","NA","NA","NA","NA","NA","NA","NA","NA","NA","NA","1","11","NA","NA","NA",0,"NA","NA",0,"NA","7","NA","NA","NA","NA","NA","NA","NA","NA","4","NA","NA","NA","NA","NA","NA","NA","NA","NA","NA","NA","NA","NA","NA","9","10","3","6","NA","NA","NA","NA","NA","2","NA","NA","NA"
"27","MT",26,0,0.00907227300146446,0,0.0604853000908635,0.0010197358722843,0,0,0,0.148416359579929,-0.0411548299414164,-0.0549140292298273,0,0,0,0,0,0,0,0,0,0,0,0,0,0,0,0,0.0714236684654411,0,0,-0.0180173039716048,0,-0.0250526490618664,0,0,0,0,0,0,0,0,0,0.0290900480214071,0,-0.0875080456619859,0,-0.120928277048907,0.0494661948109098,0,0,0,0,0,0,0,0,0,0,0,0,0,0,0.00610113045071334,0,0.0401350732347568,0,0,0.306696230139131,0,0,0,0.363745854955636,0,-0.0990455064601061,0.00127565906289579,0,0,0.0345095029297767,-0.168337430884977,0,0.0832669742878777,0,0,0.284183913007338,0,-0.0420737056935953,-0.0152424942977903,0,0,0,0.0468026206549886,0.0431530084148377,0.000721194083608201,0,0,0,0.0989197531555384,0,0,0,0,0,0,-0.0370157295183531,0,0.0153437510752282,0,0.114345557822902,-0.0847629698457582,0,0,-0.121953093304739,0,0,0.2106493895609,0,0,0,"Montana","NA","18","NA","10","21","NA","NA","NA","5","NA","NA","NA","NA","NA","NA","NA","NA","NA","NA","NA","NA","NA","NA","NA","NA","NA","NA","9","NA","NA","NA","NA","NA","NA","NA","NA","NA","NA","NA","NA","NA","NA","16","NA","NA","NA","NA","11","NA","NA","NA","NA","NA","NA","NA","NA","NA","NA","NA","NA","NA","NA","19","NA","14","NA","NA","2","NA","NA","NA","1","NA","NA","20","NA",0,"15","NA",0,"8","NA","NA","3","NA","NA","NA","NA","NA","NA","12","13","22","NA","NA","NA","7","NA","NA","NA","NA","NA","NA","NA","NA","17","NA","6","NA","NA","NA","NA","NA","NA","4","NA","NA","NA"
"28","NC",27,0,0,0,-0.153123352846036,0,0,0,-0.0962944607459203,0.123418378348803,0,0,0,0,-0.143548795112161,0,0,0,0,0,0,0,0,0,0,0,-0.00986967600517551,0,0,0,-0.0284678190448033,0,0,0.0163032059156773,-0.0907514791597394,0,0,0,0,0,-0.018059072527611,0,-0.0191081577310894,0,0,0.0210638976496254,0,0,0,0,0,-0.0952530391007363,0,0,0,0,0,-0.10714963544032,0,0,0,0,0,0,0,0,-0.156481594639607,0,0.160639461793448,0,-0.373923947634789,0,1.18642659196055,0.0447733069245822,0.0259294652901062,0.018439154561862,0.0752494647734669,-0.042548442723832,0,0,0,0.115251421359668,0,0,0.187450940486838,0,0,-0.00560031887148276,0,0,0,0,0,0.0326270307531519,0,0,0,0,0,0,0,0,0,0,0,0.0234234738328686,0,0,0,0.092188693053017,0.0406170597922134,0.0329812519958685,0,0,0,0.355242504422639,0,0,0,"North Carolina","NA","NA","NA","NA","NA","NA","NA","NA","5","NA","NA","NA","NA","NA","NA","NA","NA","NA","NA","NA","NA","NA","NA","NA","NA","NA","NA","NA","NA","NA","NA","NA","17","NA","NA","NA","NA","NA","NA","NA","NA","NA","NA","NA","15","NA","NA","NA","NA","NA","NA","NA","NA","NA","NA","NA","NA","NA","NA","NA","NA","NA","NA","NA","NA","NA","NA","4","NA","NA","NA","1","9","13","16","8",-0.042548442723832,"NA","NA",0,"6","NA","NA","3","NA","NA","NA","NA","NA","NA","NA","NA","12","NA","NA","NA","NA","NA","NA","NA","NA","NA","NA","NA","14","NA","NA","NA","7","10","11","NA","NA","NA","2","NA","NA","NA"
"29","ND",28,0,-0.0112183130735789,0,0,0.251734615296793,0,0,0,0,0,0,0,0,0,0,0,-0.00340320035890836,0,0,0,0,0,-0.108254447812203,0,0,0,0,0,-0.197458943392001,0,0.0396348597091261,0,0.103292795616727,0,0,-0.00801935260960676,0,0,0,0,0,0,0.0755001223029906,0.0722705654432505,0,0,0.173611211766241,0,0,0,0,0,0,0,0,0,0,0,0.0404441182806087,0,0,0,-0.0351069945451562,-0.0361145038315957,0,0,0,0.084044986126675,0,0,0,0,0.0793613447139828,0,-0.134392136302935,0,0,0,0,0.126204062650527,0,0,0,0.0432548125125313,0,0,0.0956264195511653,0,0,0,0.0522256003915064,-0.0384506163257368,0,0,0.0462231442795539,0,0.362388079929904,0,-0.039083157374838,0,0,0,0.0158557812080874,0.0415833837420504,0,0.0718749341501771,0.0604652157770287,0,0.0990636300097402,0.0402028291187249,0,0,0,0,0,0,0.108674340181648,0,"North Dakota","NA","NA","NA","NA","2","NA","4","NA","NA","NA","NA","NA","NA","NA","NA","NA","NA","NA","NA","NA","NA","NA","NA","NA","NA","NA","NA","NA","NA","NA","21","NA","6","NA","NA","NA","NA","NA","NA","NA","NA","NA","11","12","NA","NA","3","NA","NA","NA","NA","NA","NA","NA","NA","NA","NA","NA","19","NA","NA","NA","NA","NA","NA","NA","NA","9","NA","NA","NA","NA","10","NA","NA","NA",0,"NA","NA",0.126204062650527,"NA","NA","NA","17","NA","NA","8","NA","NA","NA","15","NA","NA","NA","16","NA","1","NA","NA","NA","NA","NA","22","18","NA","13","14","NA","7","20","NA","NA","NA","NA","NA","NA","5","NA"
"30","NE",29,0,0,0,0,0,0,0,0,0.0711810561503166,0,0,-0.022120893614577,0,0,0,0,0,0,0,0,0,0,0,0,0,-0.146905120248111,-0.0425528532214274,0.0415086451915455,0,0,-0.00205460883841132,-0.0211530320430458,0.320960673031246,0,0,0,0,0,0,0,0,0,0,0,0.0859974525496838,-0.144834152219201,0,-0.300428521873929,0,0,0,0,0,0,0,0,0,0,0.0906231554287394,0,0,0,0.0106704216854693,0,0.168566388888224,-0.155454791243507,0,0.176535287232131,0,0,0,0,0.0280212794504542,0.0167938926884157,-0.0198752280170911,0,0,0.244661886156082,-0.125922388036893,0.116565987484424,0.18011469919472,0.0410079328973218,0,-0.00192444378079229,0,0,-0.105767445737236,0,0.234049965987239,0,0.0442267898383717,-0.000276237547533135,0.0254431303275931,0,0,0.205063863466356,0.00223857128638905,-0.110481857623808,0.0153067957636359,0,-0.0229445037181833,0,0,0,0,0.0118643041525485,0.0656699929575138,0.090710864720313,0.0165340426410514,0.114252666368847,0.169826384302775,0,0.00178444428996646,0,0,0.0307833026650791,0,0,"Nebraska","NA","NA","NA","NA","NA","NA","9","NA","14","NA","NA","NA","NA","NA","NA","NA","NA","NA","NA","NA","NA","NA","NA","NA","NA","NA","NA","17","NA","NA","NA","NA","1","NA","NA","NA","NA","NA","NA","NA","NA","NA","NA","NA","13","NA","NA","NA","NA","NA","NA","NA","NA","NA","NA","NA","NA","NA","12","NA","NA","NA","26","NA","8","NA","NA","6","NA","NA","NA","NA","20","22","NA","NA",0,"2","NA",0.116565987484424,"5","18","NA","NA","NA","NA","NA","NA","3","NA","16","NA","21","NA","NA","4","27","NA","24","NA","NA","NA","NA","NA","NA","25","15","11","23","10","7","NA","28","NA","NA","19","NA","NA"
"31","NH",30,0,0,0,0,0,0,0,0,0.15154949387704,0,0,0,0,0,0,0,0,0,0,0,0,0,0,0,0,0,0,0,0,-0.396919933236943,0,-0.0323772834762344,0.174753529593624,0,0,0,0,0,0,0,0,0,0,0,0,0,0,-0.357151475525869,0,0,0,0,0,0,0,0,0,0,0,0,0,0,0,-0.211233559087804,0,-0.00494755354973963,0,0,0,0,0,0,0,0.184773579829848,0.0820578309002146,0,0,0,0,0,0,0,0,0,0.0489552860943649,0,0,-0.159135241120317,0,0,0,0,0,0,0,0,0,0,0,0,0,0,0,0,0,0,0,0,0,0.0558539684121656,0,0,0,0,0,0,0.208876109228104,0,"New Hampshire","NA","NA","NA","NA","NA","NA","NA","NA","4","NA","NA","NA","NA","NA","NA","NA","NA","NA","NA","NA","NA","NA","NA","NA","NA","NA","NA","NA","NA","NA","NA","NA","3","NA","NA","NA","NA","NA","NA","NA","NA","NA","NA","NA","NA","NA","NA","NA","NA","NA","NA","NA","NA","NA","NA","NA","NA","NA","NA","NA","NA","NA","NA","NA","NA","NA","NA","NA","NA","NA","NA","NA","NA","2","5","NA",0,"NA","NA",0,"NA","NA","NA","NA","7","NA","NA","NA","NA","NA","NA","NA","NA","NA","NA","NA","NA","NA","NA","NA","NA","NA","NA","NA","NA","NA","NA","NA","NA","6","NA","NA","NA","NA","NA","NA","1","NA"
"32","NJ",31,0.0330126944993172,-0.0722890218194985,0,-0.0381203507726735,0,0,0,0,0.12709097779651,0,0,0,0,0,0,0,0,0,0,0,0,0,0,0,0,0,0.0083999145591897,0,0,0,0,0,0,0,0,-0.0461150051365341,0,0,-0.324696214304769,0,0,0,0,0,0,0,-0.255608871233941,-0.0324883136282106,0,0,0,0,0,0,0,0,0,-0.294790751114911,0,0,0,0,0,0,-0.0314685983839673,0,0,0,0,-0.0621063279533678,0,0.564531847188061,-0.00813916473252992,0,0,0,0,0,0.0840677948565129,0,0,0.182982347538121,0,0,0,0,0,0,0,0,0,0,0.0559203136202202,0,0,-0.0413935034191148,0,0,0,0,0,0,-0.0215032681331291,0,-0.0307178803044529,0,0,0,0,0,0,0,0,0.0900260604725739,0,0,0,0,"New Jersey","7","NA","NA","NA","NA","NA","NA","NA","3","NA","NA","NA","NA","NA","NA","NA","NA","NA","NA","NA","NA","NA","NA","NA","NA","NA","8","NA","NA","NA","NA","NA","NA","NA","NA","NA","NA","NA","NA","NA","NA","NA","NA","NA","NA","NA","NA","NA","NA","NA","NA","NA","NA","NA","NA","NA","NA","NA","NA","NA","NA","NA","NA","NA","NA","NA","NA","NA","NA","NA","NA","1","NA","NA","NA","NA",0,"NA","5",0,"NA","2","NA","NA","NA","NA","NA","NA","NA","NA","NA","NA","6","NA","NA","NA","NA","NA","NA","NA","NA","NA","NA","NA","NA","NA","NA","NA","NA","NA","NA","NA","NA","4","NA","NA","NA","NA"
"33","NM",32,0,0.0412495139342327,0,0,0,0,0,0,0,0,0,0,0,0,0,0,0,0,0,0,0,0,0,0,0,-0.0126311433280997,0,-0.00718755818411503,0,0,0,0,0,0,0,0,0,0,0,0,0,0,0.543948118349951,0,-0.0165807472441912,0,0,0,0,0,0,0,0,0,0,0,0,0,0,0,0,0.0203866820447762,-0.0207651566223373,0,0,-0.00861425456145103,0,0.0355772815846051,0,0,0,0.126362822235583,0,0,-0.0249718685140042,0,0,-0.168610563610068,0,0.176047885324051,0.0397373800858906,0.297303357430423,0,0.165394733030278,0,-0.10510489446653,0,0,0,0,0,0.12034045355745,-0.156331824128082,0,0,0,0,0,0.0562292921033222,0,-0.0817211839528401,0,0,-0.00856330302890982,0.0584778878708526,-0.0378530849854651,0,0,0.0922360591606878,-0.0223217487062273,0,0,0,0,0.131060816831468,0,0,-0.0468215738046502,"New Mexico","NA","11","NA","NA","NA","NA","3","NA","NA","NA","NA","NA","NA","NA","NA","NA","NA","NA","NA","NA","NA","NA","NA","NA","NA","NA","NA","NA","NA","NA","NA","NA","NA","NA","NA","NA","NA","NA","NA","NA","NA","NA","1","NA","NA","NA","NA","NA","NA","NA","NA","NA","NA","NA","NA","NA","NA","NA","NA","NA","NA","14","NA","NA","NA","NA","NA","13","NA","NA","NA","6","NA","NA","NA","NA",0,"NA","NA",0.176047885324051,"12","2","NA","4","NA","NA","NA","NA","NA","NA","NA","7","NA","NA","NA","NA","NA","NA","10","NA","NA","NA","NA","NA","9","NA","NA","NA","8","NA","NA","NA","NA","NA","5","NA","NA","NA"
"34","NV",33,0,0.0611979565760357,0,0,0,0,0,0,0.16394118358145,0,0,0,0,0,0,0,0,0,0,0,0,0,0,0,0,0,0,-0.0362925739265476,0,0,0,0,0.0485894246479085,0,0,0,0,0,0,0,0,0,0,0,0,0,0,-0.110915203816077,0,0,0,0,0,0,0,0,0,0,0,0,0,0,0.171766625663364,-0.0870338271611741,2.72183709262941e-16,-0.234609889175434,0,0,0,0,0,0,0,0,0,0.0078099719229184,0,0,0,0,0.176080871505404,0.364266895129059,0,0,0,0,-0.0976456749581143,0,0,0,0,0,0,0,0,0,0,0,0,0,0,0,0,0,0,0,0.241344362675692,-0.0322951781643645,-0.00804197477064851,0,0,0,0,0,0.194822389602609,0,0,0,"Nevada","NA","7","NA","NA","NA","NA","NA","NA","6","NA","NA","NA","NA","NA","NA","NA","NA","NA","NA","NA","NA","NA","NA","NA","NA","NA","NA","NA","NA","NA","NA","NA","8","NA","NA","NA","NA","NA","NA","NA","NA","NA","NA","NA","NA","NA","NA","NA","NA","NA","NA","NA","NA","NA","NA","NA","NA","NA","NA","NA","NA","NA","5","NA","10","NA","NA","NA","NA","NA","NA","NA","NA","NA","NA","9",0,"NA","NA",0,"4","1","NA","NA","NA","NA","NA","NA","NA","NA","NA","NA","NA","NA","NA","NA","NA","NA","NA","NA","NA","NA","NA","NA","NA","NA","2","NA","NA","NA","NA","NA","NA","NA","3","NA","NA","NA"
"35","NY",34,-0.0597593453909969,0,0,-0.0370649268989915,0,0,0,0,0.212550813086483,0,0,0,0,0,0,0,0,0,-0.238697533203959,0,0,0,0,0,0,-0.0242491899984454,0,0,0,0,-0.038879195567593,-0.0374166264007878,0,0,0,-0.0921847987397946,0,0,0,-0.338654594260302,0,0,0,-0.039708285522336,0.105674035988787,0,0,0,0,0,0,0,0,0,0,0,0,0,0,0,0,0,-0.0269069865383483,0.0541289241812406,0,-0.45865338786125,0,0,0,-0.0103289063535018,0,0.400711949684685,0.0911144249558981,-0.0408179450391392,0,0,0,0,0.0240391444631158,0,0.222670642120341,0,0,0.0692999829206145,-0.0786328851152574,0,0,0,0,0,-0.0106100304352559,0,0,0,0,0,0.145573584087334,0,-0.013306770092478,0,0,0,0,0,0,0,0.108985964886216,0.0119880937789569,0,0,0,0,0,0,0.138682039273676,0.0562168942738689,-0.0263259902988919,-1.27337407842312e-17,"New York","NA","NA","NA","NA","NA","NA","NA","NA","3","NA","NA","NA","NA","NA","NA","NA","NA","NA","NA","NA","NA","NA","NA","NA","NA","NA","NA","NA","NA","NA","NA","NA","NA","NA","NA","NA","NA","NA","NA","NA","NA","NA","NA","NA","7","NA","NA","NA","NA","NA","NA","NA","NA","NA","NA","NA","NA","NA","NA","NA","NA","NA","NA","11","NA","NA","NA","NA","NA","NA","NA","1","8","NA","NA","NA",0,"NA","12",0,"2","NA","NA","9","NA","NA","NA","NA","NA","NA","NA","NA","NA","NA","NA","NA","4","NA","NA","NA","NA","NA","NA","NA","NA","NA","6","13","NA","NA","NA","NA","NA","NA","5","10","NA","NA"
"36","OH",35,0,0,-0.115286763827484,0,-0.034677597481549,0,-0.00884106132106619,0,0.119752422986084,0,0,0,0,0,0,-0.17705127826469,0,0,0,0,0,0,0,0,0,0,0,0,0,0,0,-0.0141087274616675,0.0662948631458073,0,0,0,0,0,0,0,0,0,0,0,0,0,0,-0.0981209115982862,0,0,0,0,0,0,0,0,0,0,0,0,0,0,0.0316990643911926,-0.0411033896711378,0.0456160628228527,-0.188830969596444,0,0,0,0,0,0.164149835216398,0.0263730176802489,0,-0.00491328801561412,0,-0.0410104799089698,0,0,0,0,0,0,0.418122892872069,0.0214769502579134,0,0,0,0,0,-0.158018378896133,0.0756124202926507,0.196974372076052,0,0,0,0,0,0,0,0,0,0,0.0408704636831611,0.171452253165085,0.0414211409781278,0,0,0,0.0328778552612943,0.0192010875276224,0,-0.0155161277657945,0,0.0710841981972155,0,0,0,"Ohio","NA","NA","NA","NA","NA","NA","NA","NA","5","NA","NA","NA","NA","NA","NA","NA","NA","NA","NA","NA","NA","NA","NA","NA","NA","NA","NA","NA","NA","NA","NA","NA","8","NA","NA","NA","NA","NA","NA","NA","NA","NA","NA","NA","NA","NA","NA","NA","NA","NA","NA","NA","NA","NA","NA","NA","NA","NA","NA","NA","NA","NA","13","NA","9","NA","NA","NA","NA","NA","NA","4","14","NA","NA","NA",-0.0410104799089698,"NA","NA",0,"NA","NA","NA","1","15","NA","NA","NA","NA","NA","NA","6","2","NA","NA","NA","NA","NA","NA","NA","NA","NA","NA","11","3","10","NA","NA","NA","12","16","NA","NA","NA","7","NA","NA","NA"
"37","OK",36,-0.122034887553974,0,0,0,0,0,0,0,0.0693251454130775,0,0,0,0,0,0,0,0,0,0,0,0,0,0,0,0,-0.117357288987666,-0.0795801382546376,0,0,0,0,-0.0380636982510137,0.155110632321189,0,0,0,0,0,0,0,0,0,0.17232898603008,0,0,0,0,-0.0173951075030295,0,0,0,0,0,0,0,0,0,0,-0.0291317485451614,0,0,0,-0.0648096216964092,-0.0738942754737165,0,0,0,0.119557334479699,0,0,0,0.182786457705881,0.0279421482286915,0.013986113928369,0,0.130661919606893,-0.00149495457407632,0,0,0.0678347780393408,0.053676005327507,0.098238695556539,0,0.380654042312947,0,0,-0.0129038123547176,0,0,-0.00887636968409826,-0.142379298698429,0,0.0701461248725044,0,0,0,0,-0.0467027496433151,-0.0382219721965567,0.0359312727612949,0,0,0,0.0414242657957316,0.00324163350485747,0.0726727908323785,0.0382357062525049,0.0549851916369974,0.0984518467306348,0.0477794727239659,0,-0.0821137562134927,0,0,0.245004147411066,0,0,0,"Oklahoma","NA","NA","NA","NA","NA","NA","13","NA","12","NA","NA","NA","NA","NA","NA","NA","NA","NA","NA","NA","NA","NA","NA","NA","NA","NA","NA","NA","NA","NA","NA","NA","5","NA","NA","NA","NA","NA","NA","NA","NA","NA","4","NA","NA","NA","NA","NA","NA","NA","NA","NA","NA","NA","NA","NA","NA","NA","NA","NA","NA","NA","NA","NA","NA","NA","NA","7","NA","NA","NA","3","20","21","NA","6",-0.00149495457407632,"NA","NA",0.0678347780393408,"15","9","NA","1","NA","NA","NA","NA","NA","NA","NA","NA","11","NA","NA","NA","NA","NA","NA","19","NA","NA","NA","17","22","10","18","14","8","16","NA","NA","NA","NA","2","NA","NA","NA"
"38","OR",37,0,0,0,0,0,0,0,0,0,0,0,0,0,0,0,0,0,0,0,0,0,0,0,0,0,-0.00438281252466677,0,0,0,0,0,-0.0431550218842345,0.00878568984630768,0,0,0,0,0,0,0,0,0,0.0234910932168766,0,0,0,0,0.00533722288528417,0,0,0,0,0,0,0,0,0,0,0,0,0,0.0188488599743008,0,0,0,-0.554667378672042,0,0,0,0,0,0,0.0204851339782849,0,0,0,0,0,-0.0181632447700473,0,0,0.150955237518331,0,0.342197140622271,0,0,0,0,0,0,0.170471951931866,-0.102872557122303,0,-0.0515675065820997,-0.0110628319413632,0,0.0255937902769755,0.102959091731519,0,0,0,0,0,0,0.00559809765879119,0,0.00764373336652073,0.125754446320537,0.0797418242151953,0.0742173389206154,0,0.189181365236532,0,0,0.198147284961603,0,0.0445320729668806,0,"Oregon","NA","NA","NA","NA","NA","NA","NA","NA","NA","NA","NA","NA","NA","NA","NA","NA","NA","NA","NA","NA","NA","NA","NA","NA","NA","NA","NA","NA","NA","NA","NA","NA","15","NA","NA","NA","NA","NA","NA","NA","NA","NA","12","NA","NA","NA","NA","18","NA","NA","NA","NA","NA","NA","NA","NA","NA","NA","NA","NA","NA","14","NA","NA","NA","NA","NA","NA","NA","NA","NA","NA","13","NA","NA","NA",0,"NA","NA",0,"NA","5","NA","1","NA","NA","NA","NA","NA","NA","4","NA","NA","NA","NA","NA","11","7","NA","NA","NA","NA","NA","NA","17","NA","16","6","8","9","NA","3","NA","NA","2","NA","10","NA"
"39","PA",38,-0.0343077883474574,0,0,0,0,0,0,0,0.188542360424301,0,0,0,0,0,0,0,0,0,0,0,0,0,0,0,0,0,-0.0388191414096339,0,0,-0.0922551321091788,0,0,0.190169821413757,0,0,0,0,0,-0.312211097505644,0,0,0,0,0,0.068798102891855,0,0,0,0,0,0,0,0,0,0,0,0,0,0,0,0,0.017303890495465,0,-0.0287208273242418,0.0873923031185398,-0.253465917219065,0.204800103932654,0,-0.0221666248836194,-0.0237688200593413,0,0.299624025549768,0,0,-0.0664024754321295,0,0,0,0.00394148560011616,0,0.335837296290851,0,0,0.255030084408863,0,0.00599075002539515,0,0.00622550151141907,-0.0471208833496536,-0.101676175965777,0.0323087884965755,0,0,-0.0705286276573384,0,0,0,0,0,0,0,0,0,0,0,0.0807332581754861,-0.0218917398442632,0,-0.0293204727981521,0.0455665621307258,0,0,0,0,0,0,0,0,"Pennsylvania","NA","NA","NA","NA","NA","NA","NA","NA","6","NA","NA","NA","NA","NA","NA","NA","NA","NA","NA","NA","NA","NA","NA","NA","NA","NA","NA","NA","NA","NA","NA","NA","5","NA","NA","NA","NA","NA","NA","NA","NA","NA","NA","NA","9","NA","NA","NA","NA","NA","NA","NA","NA","NA","NA","NA","NA","NA","NA","NA","NA","12","NA","NA","7","NA","4","NA","NA","NA","NA","2","NA","NA","NA","NA",0,"NA","15",0,"1","NA","NA","3","NA","14","NA","13","NA","NA","11","NA","NA","NA","NA","NA","NA","NA","NA","NA","NA","NA","NA","NA","NA","8","NA","NA","NA","10","NA","NA","NA","NA","NA","NA","NA","NA"
"40","RI",39,0,0,0,0,0,0,0,0,0.279144759811418,0,0,0,0,0,0,0,0,0,0,0,0,0,0,0,0,0,0,0,0,0,0,0,0,0,0,0,0,0,0,0,0,0,0,0,0,0,0,0,0,0,0,0,0,0,0,0,0,0,0,0,0,-0.0173453467811394,0,0,-0.108045629058459,0,0,0,0,0,0,0,0,0,0,0,0,0,0,0,0,0,0,0,0,0.205373894087385,0.207016993382379,0,0,0,0,0,0,0,0,0,0,-0.0727266448593381,-0.325612123676485,0,0,-0.131578146969684,0,0,0,0.0165110120598553,0.104479969166172,0,0,0,0,0,0,0,0.230092255193505,0.127059312659471,-0.0379055520659668,0,"Rhode Island","NA","NA","NA","NA","NA","NA","NA","NA","1","NA","NA","NA","NA","NA","NA","NA","NA","NA","NA","NA","NA","NA","NA","NA","NA","NA","NA","NA","NA","NA","NA","NA","NA","NA","NA","NA","NA","NA","NA","NA","NA","NA","NA","NA","NA","NA","NA","NA","NA","NA","NA","NA","NA","NA","NA","NA","NA","NA","NA","NA","NA","NA","NA","NA","NA","NA","NA","NA","NA","NA","NA","NA","NA","NA","NA","NA",0,"NA","NA",0,"NA","NA","NA","NA","NA","4","3","NA","NA","NA","NA","NA","NA","NA","NA","NA","NA","NA","NA","NA","NA","NA","NA","NA","NA","7","6","NA","NA","NA","NA","NA","NA","NA","2","5","NA","NA"
"41","SC",40,0.0291578101809617,0,0,-0.00386677332366607,0,0,0,0,0.0734119731509282,0,0,0,0,0,0,0,-0.125218478141138,0,0,0,-0.00672199722902521,0,0,-0.050212179828035,0,0,0,0,0,0,0,0,0.0466014838533126,0,0,0,0,-0.175999889072288,-0.020541202550896,0,0,0,0,0,0.152592050471862,0,0,0.000197780089678971,0,0,0,0,0,0,0,0,0,0,-0.000453193556447463,0,-0.0452404886680139,0,-0.00681022880548329,-0.0189968417347442,0.00183564425522225,0,0,0.0647308475207903,0,-0.411416998226653,0,0.899018869802374,0.0278992846264639,0,-0.278084113412753,0,-0.152924305842051,0,0.0662771770278492,0,0.00194121810007852,0.131903337809786,0,0,0,0.139314504214219,0,0,0,0,-0.122242354768234,0,0.155665255967847,0,0,0.03754791854577,0,0.0804823851299365,0,-0.0107055333625538,0,0,0,0,0,0,0,-0.0305181993135182,0,0,0,0,0,0,0.426471118511616,0,0,0,"South Carolina","13","NA","NA","NA","NA","NA","NA","NA","8","NA","NA","NA","NA","NA","NA","NA","NA","NA","NA","NA","NA","NA","NA","NA","NA","NA","NA","NA","NA","NA","NA","NA","11","NA","NA","NA","NA","NA","NA","NA","NA","NA","NA","NA","4","NA","NA","17","NA","NA","NA","NA","NA","NA","NA","NA","NA","NA","NA","NA","NA","NA","NA","NA","16","NA","NA","10","NA","NA","NA","1","14","NA","NA","NA",-0.152924305842051,"NA","9",0,"15","6","NA","NA","NA","5","NA","NA","NA","NA","NA","NA","3","NA","NA","12","NA","7","NA","NA","NA","NA","NA","NA","NA","NA","NA","NA","NA","NA","NA","NA","NA","NA","2","NA","NA","NA"
"42","SD",41,0,0,0,0,0.0381577736278235,-0.0667524311274778,-0.0263510990186712,0,0,0,0,0,0,0,0,0,0,0,0,0,0,0,0,0,0,0,0,0.0208157513698309,0,-0.00120538013445267,0,0,0.0895953391286145,0,0,0,0,0,0,0,0,0,0.20088773939487,0.00890694749295277,0.069981837462098,0.0676118247139152,0.14535923979746,0,0,0,0,0,0,0,0,0,0,0,0,0,0,0,0,-0.0983387677373702,0,-0.152705639979231,0,0.135935021919002,0,0,0.0325911028589793,0.234909092486168,-0.0649372121441216,0.265866547687485,0.0191215675099759,0,0,0.0214881635446652,0,0.06853099215791,0,-0.200839293665314,0,0.297385734585372,0,0,0,0.367627904321032,-0.0705906937334235,0,0.0165778372755269,-0.0563010877330068,0,0,-0.0527869173969611,0.0503865252838185,0.121984427478554,0,-0.00676532557349915,-0.0286743135776339,0,0,0,0.08055009375104,0,0.0319969757867127,0.128149622626619,0.0661901889463546,0,-0.0381177910814971,0,0,0,0,0.455303454756447,0.0204081470594386,0,0,"South Dakota","NA","NA","NA","NA","18","NA","14","NA","NA","NA","NA","NA","NA","NA","NA","NA","NA","NA","NA","NA","NA","NA","NA","NA","NA","NA","NA","22","NA","NA","NA","NA","11","NA","NA","NA","NA","NA","NA","NA","NA","NA","6","26","13","15","7","NA","NA","NA","NA","NA","NA","NA","NA","NA","NA","NA","NA","NA","NA","NA","NA","NA","NA","NA","NA","8","NA","NA","19","5","NA","4","24","NA",0,"21","NA",0.06853099215791,"NA","NA","NA","3","NA","NA","NA","2","NA","NA","25","NA","NA","NA","NA","17","10","NA","NA","NA","NA","NA","NA","12","NA","20","9","16","NA","NA","NA","NA","NA","NA","1","23","NA","NA"
"43","TN",42,-0.00157293451732013,0,0,0,0,0,0,0,0.017546830856806,-0.0549910469834601,0,0,0,0,0,0,0,0,0,0,0,0,0,0,0,0,0,0,0,0,0,0,0.0936978359955616,0,0,0,0,0,0,0,0,0,0,0,0,0.0504975921391336,0,0,0,0,0,0,0,0,0,0,0,0,0,0,0,0,-0.025434630623857,-0.137729033422273,0,-0.152174411575283,0,0,0,-0.291105135069838,0,0.358766693389095,0,0.0107465804928598,-0.00794359614393528,0,-0.148203749848846,0,0.0002781828873777,0.0208712788826749,0.0844237672919212,0,0,0.176575266273881,0,0,0,0,0,0,0,-0.079687886251859,0,0,0,0,0.0641362148964683,0.0325161274082789,0.00193121058391312,0,0,0,0,0,-0.0427656883823061,0,0,0,0.0278888320569217,0.0349589583347136,0,-0.0734853184782081,0,0,0.506291652883582,0.0650588198536832,0,-0.008319952551875,"Tennessee","NA","NA","NA","NA","NA","NA","12","NA","13","NA","NA","NA","NA","NA","NA","NA","NA","NA","NA","NA","NA","NA","NA","NA","NA","NA","NA","NA","NA","NA","NA","NA","4","NA","NA","NA","NA","NA","NA","NA","NA","NA","NA","NA","NA","8","NA","NA","NA","NA","NA","NA","NA","NA","NA","NA","NA","NA","NA","NA","NA","NA","NA","NA","NA","NA","NA","NA","NA","NA","NA","2","NA","14","NA","NA",-0.148203749848846,"NA","16",0.0208712788826749,"5","NA","NA","3","NA","NA","NA","NA","NA","NA","NA","NA","NA","NA","NA","NA","7","10","15","NA","NA","NA","NA","NA","NA","NA","NA","NA","11","9","NA","NA","NA","NA","1","6","NA","NA"
"44","TX",43,0,0,0,0,0,-0.0547067853503954,-0.309721843781304,0,0.0875135067358495,0,0,0,0,0,0,0,0,0,0,0,0,-0.0163286544260865,0,0,0,0,0.000608374124540425,0,0,0,0,-0.0666597391917159,0.039584174277244,0,0,0,-0.0254002546720467,0,0,-0.049779609516591,0,0,0.0525137139772589,0,0,0,-0.125590515585866,0.0726797746763501,0,0,0,0,0,0,0,0,0,0,0,0,0,0,0,-0.121716665252497,0,-0.201157827816227,0,0,0,0,0,0.120856758354,0.052568062807204,0.11823709884862,0,0,0,0,0,0,0,0.111233868062347,0,0.154930519239399,0,-0.05143561930531,-0.0565807064120719,0,0,-0.0661995294590293,0,0,0.0128693630919769,0,0,0.0563011977131895,0.13822494768478,-0.0446901095662725,-0.0255635730671983,0,0,0,0,0,-0.0293577949245628,0.13911598211695,0.0710784362548058,0.150173811141694,0.081233619539425,-0.0188377210827029,0,-0.0908705198868833,0,0,0.408949507386597,0,0,0,"Texas","NA","NA","NA","NA","NA","NA","NA","NA","9","NA","NA","NA","NA","NA","NA","NA","NA","NA","NA","NA","NA","NA","NA","NA","NA","NA","18","NA","NA","NA","NA","NA","16","NA","NA","NA","NA","NA","NA","NA","NA","NA","15","NA","NA","NA","NA","11","NA","NA","NA","NA","NA","NA","NA","NA","NA","NA","NA","NA","NA","NA","NA","NA","NA","NA","NA","NA","NA","NA","NA","6","14","7","NA","NA",0,"NA","NA",0,"NA","8","NA","2","NA","NA","NA","NA","NA","NA","NA","NA","17","NA","NA","13","5","NA","NA","NA","NA","NA","NA","NA","NA","4","12","3","10","NA","NA","NA","NA","NA","1","NA","NA","NA"
"45","UT",44,0,0,0,0,0,-0.0521614936157654,0,0,0,0,0,0,0,0,0,0,0,0,0,0,0,0,0,0,0,0,0,0,0,0,0,0,0.00676338727624073,0,0,0,0,0,0,0,0,0,0,0,0,-0.141188742088971,0,0,0,0,0,0,0,0,0,0,0,0,0,0,0,0,0,0,0,0,0,0.129703948774239,0,0,0,0,0,-0.0717037705910213,-0.0928411270369194,0.066732172848969,0,0,0,0.296901993539895,0.216479109090105,0.167715810799294,0,0.102456587433679,0,-0.0163090443549076,0,0.0201538831559762,0,0,0,0.153627153297841,0,0,-0.0380148568728823,0,0,0,0,0,0,0,0,0,0,0.0301849547373993,-0.019727639832154,0,0.0253846021372422,0,-0.064536372181672,0,0,0,0.329549333203684,0,0,0,"Utah","NA","NA","NA","NA","NA","NA","2","NA","NA","NA","NA","NA","NA","NA","NA","NA","NA","NA","NA","NA","NA","NA","NA","NA","NA","NA","NA","NA","NA","NA","NA","NA","12","NA","NA","NA","NA","NA","NA","NA","NA","NA","NA","NA","NA","NA","NA","NA","NA","NA","NA","NA","NA","NA","NA","NA","NA","NA","NA","NA","NA","NA","NA","NA","NA","NA","NA","6","NA","NA","NA","NA","NA","NA","NA","8",0,"NA","NA",0.296901993539895,"3","4","NA","7","NA","NA","NA","11","NA","NA","NA","5","NA","NA","NA","NA","NA","NA","NA","NA","NA","NA","NA","NA","NA","9","NA","NA","10","NA","NA","NA","NA","NA","1","NA","NA","NA"
"46","VA",45,0,0,0,0,0,0,0,0,0.0889681532344551,-0.0199385906348052,0,0,-0.0992532421129343,0,0,0,0,0,0,0,0,0,0,0,-0.000356983359167203,0,0,0,0,0,0,0.00579906832347004,0,0,0,-0.146864708003893,0,0,0,0,0,0,0,-0.0024970826644956,0.0412392247558421,0,0,0,0,0,0,0,0,0,0,-0.00299787883755864,0,0,0,0,0,0,-0.115701550648748,-0.0230048012567006,0,-0.0889062030723903,0,0,0,0,0,0.298247117140013,0,0,0,0.0820320031724311,0,0,0,0,0.0764591167645071,0,0,0.18453300969008,0,0,0,-0.0636318550375612,0,0,0.0441844124239009,0,0,0,0,0,0,0,0,0,0,0,0,0,0,0.00374206867717112,0,0.0663401503770986,0.0897241253970111,0.0550515960638923,0,0,0,0,0.521778395422234,0,0,0,"Virginia","NA","NA","NA","NA","NA","NA","NA","NA","5","NA","NA","NA","NA","NA","NA","NA","NA","NA","NA","NA","NA","NA","NA","NA","NA","NA","NA","NA","NA","NA","NA","12","NA","NA","NA","NA","NA","NA","NA","NA","NA","NA","NA","NA","11","NA","NA","NA","NA","NA","NA","NA","NA","NA","NA","NA","NA","NA","NA","NA","NA","NA","NA","NA","NA","NA","NA","NA","NA","NA","NA","2","NA","NA","NA","6",0,"NA","NA",0,"7","NA","NA","3","NA","NA","NA","NA","NA","NA","10","NA","NA","NA","NA","NA","NA","NA","NA","NA","NA","NA","NA","NA","NA","13","NA","8","4","9","NA","NA","NA","NA","1","NA","NA","NA"
"47","VT",46,0,0,0,0.13767770064804,0.0348874715933825,0,0,0,0.0315012339267376,0,0,0,0,0,0,0,-0.170306589519607,0,0,0,0,0,0,0,0,0,0,0,0,0.215403639340935,0,0,0,0,0,0,0,0,0,0,0,0,0,0,0,0,0,0,0,0,0,0,0,0,0,0,0,0,0,0,0,0,0,0,0,0,0,0,0,0,0,0.430600903761589,0,0,-0.0426111693425037,0,0,0,0,0.0367189022024076,-0.120964869152447,0,0,0,0.369121668034146,0,0,0,0,0,0.187305614560944,0,0,-0.35786116713326,0,0,0,0,0,0,-0.0960388774587951,-0.0117355874663166,0,0.0791764777938142,0.0202464335057367,0,0,0,0.0504065728943072,0.0886671015853149,0,-0.189187358362441,0,0,0,0,0,0,"Vermont","NA","NA","NA","5","10","NA","9","NA","11","NA","NA","NA","NA","NA","NA","NA","NA","NA","NA","NA","NA","NA","NA","NA","NA","NA","NA","NA","NA","3","NA","NA","NA","NA","NA","NA","NA","NA","NA","NA","NA","NA","NA","NA","NA","NA","NA","NA","NA","NA","NA","NA","NA","NA","NA","NA","NA","NA","NA","NA","NA","NA","NA","NA","NA","NA","NA","NA","NA","NA","NA","1","NA","NA","NA","NA",0,"NA","NA",0.0367189022024076,"NA","NA","NA","NA","2","NA","NA","NA","NA","NA","4","NA","NA","NA","NA","NA","NA","NA","NA","NA","NA","NA","NA","7","12","NA","NA","NA","8","6","NA","NA","NA","NA","NA","NA","NA","NA"
"48","WA",47,0,-0.00807355393372272,0,0,-0.0634006687795628,0,-0.124269493893572,0,0.124329132265332,-0.0410867476136068,0,0,0,0,0,0,0,0,0,0,0,0,0,0,0,0,0,0.132162145260972,0,0,0.0136981868752214,0,0,0,0,0,0,0,0,0,0,0,-0.06502519449305,-0.0216681176759042,0.00288929348674326,0,-0.0942993389339153,0,0,0,0,0,0,0,0,0,0,0,0,0,0,0,0,0,0,0,0,0,0,0,0,0.00165054106762299,0.0460004620805746,0.0954961326586735,-0.0716810121694554,0.0274615106422789,-0.0236033509848611,0,0,0,0,0.387776199329094,0,0.0863342077048981,0,0,0,-0.321847668552245,0,0,0,0,-0.0532252398061046,-0.000569600297638196,-0.00618538830137201,0,0,0,0,0,0,0,0.0774558410687092,0.0938947568005678,0.191140349066146,0.0420859707252459,0,-0.058117235223195,0,-0.00248561808458455,0,0,0,0.0449433390884442,0.370006846846098,0,0.0272070356771342,0,"Washington","NA","NA","NA","NA","NA","NA","NA","NA","5","NA","NA","NA","NA","NA","NA","NA","NA","NA","NA","NA","NA","NA","NA","NA","NA","NA","NA","4","NA","NA","15","NA","NA","NA","NA","NA","NA","NA","NA","NA","NA","NA","NA","NA","16","NA","NA","NA","NA","NA","NA","NA","NA","NA","NA","NA","NA","NA","NA","NA","NA","NA","NA","NA","NA","NA","NA","NA","NA","NA","NA","17","10","6","NA","13",-0.0236033509848611,"NA","NA",0,"NA","1","NA","8","NA","NA","NA","NA","NA","NA","NA","NA","NA","NA","NA","NA","NA","NA","NA","NA","NA","NA","9","7","3","12","NA","NA","NA","NA","NA","NA","NA","11","2","NA","14","NA"
"49","WI",48,0,0,0,0,0,0,0,0,0.0602353338012913,0,0,0,0,0,0,0,0,0,0,0,0,0,0,0,0,-0.181756195203115,-0.0543892589049994,0.0603143082535256,0,0,0,-0.126241065531765,0.000386476959084605,0,0,0,0,0,0,0,0,0,0.0481262178989794,0,0.0972829625931005,0,-0.0249724727660538,0,0,0,0,0,0,0,0,0,0,0,0,0,0,0,0.0322131336303909,-0.00680728235542693,0,-0.433094507890996,0,0,0,0,0.161803698735164,0.223866309009129,0.125445014830474,0.0177305762139925,-0.0402337002417118,0,0,-0.00688101646854994,0.0203736465749862,0.0306207108979553,0.0329736837650782,0.035591384728325,0,0,0.128699228732983,0,-0.017283978973593,0,0,0,0,0.162806999456395,0,0,0,0,0.3472902756299,-0.121625334310952,0,0,0,0,0,0,-0.0176936722151996,0.0171447128481741,0.0292151212899682,0.0334916802564461,0.0148008007112124,0.0353306573629178,0,0,0,0,0.277021356934056,0.258609313761932,0,0,"Wisconsin","NA","NA","NA","NA","NA","NA","18","NA","11","NA","NA","NA","NA","NA","NA","NA","NA","NA","NA","NA","NA","NA","NA","NA","NA","NA","NA","10","NA","NA","NA","NA","24","NA","NA","NA","NA","NA","NA","NA","NA","NA","12","NA","9","NA","NA","NA","NA","NA","NA","NA","NA","NA","NA","NA","NA","NA","NA","NA","NA","NA","17","NA","NA","NA","NA","NA","NA","NA","6","4","8","21","NA","NA",0,"NA","20",0.0306207108979553,"16","13","NA","NA","7","NA","NA","NA","NA","NA","NA","5","NA","NA","NA","NA","1","NA","NA","NA","NA","NA","NA","NA","NA","22","19","15","23","14","NA","NA","NA","NA","2","3","NA","NA"
"50","WV",49,0,0,-0.0205031169332103,0.00446548614648303,0,0,0,-0.0700679132217118,0,0,0,0,0,0,0,0,0,-0.137651985316551,0,0,-0.00149835117229833,-0.074323858108781,0,-0.0102938958680227,-0.0114962385519205,0,-0.00301293962857075,0,0,0,0.0319083800420958,-0.0297244509994359,0,0,-0.222078441433549,0,0,0,0,0,0,0,0.0011542078153681,0,0,0,0,-0.00348174527927124,-0.154148049101825,0,0,0,0,0,0,0,0,-0.267515812351296,0,0,0,0,0,0.0389143955823991,-0.0207658398494449,-0.0282557322525781,0,0.0977896621521295,-0.0219667437687755,-0.17224201769421,0,1.33626973807412,0,0,0,0,0,0,0,0,0.00981900640383455,0.0666895623835801,0,0,0,0,0,0.0333967806279528,-0.112949866358207,0,0,-0.0238611125171676,0,0,0,0,0,0,0,0,0,0,0.0509275264418221,0.0141407029976584,0,0,-0.00448846085783215,0,0,0,0,0,0,0,0.243216926046708,0,0,0,"West Virginia","NA","NA","NA","11","NA","NA","NA","NA","NA","NA","NA","NA","NA","NA","NA","NA","NA","NA","NA","NA","NA","NA","NA","NA","NA","NA","NA","NA","NA","NA","8","NA","NA","NA","NA","NA","NA","NA","NA","NA","NA","NA","12","NA","NA","NA","NA","NA","NA","NA","NA","NA","NA","NA","NA","NA","NA","NA","NA","NA","NA","NA","NA","6","NA","NA","NA","3","NA","NA","NA","1","NA","NA","NA","NA",0,"NA","NA",0,"10","4","NA","NA","NA","NA","NA","7","NA","NA","NA","NA","NA","NA","NA","NA","NA","NA","NA","NA","NA","NA","5","9","NA","NA","NA","NA","NA","NA","NA","NA","NA","NA","2","NA","NA","NA"
"51","WY",50,0,0,0,0,-0.112107106152106,-0.106301078888784,0,0,0,0,0,0,0,-0.397377898132889,0,0,0,0,0,0,0,0,0,0,0,-0.00744669010068953,0.0932350903269967,0.109375355597655,0,-0.0572364774522996,-0.0812063504168516,0,0.138549335738765,0,0,0,0,0,0,0,0,0,0,0.0361483101973167,0,0.0424100134500225,0,0.00122417967296481,0,0,0,0,0,0,0,0,-0.16448102930729,0,0,0,0,0,-0.00537978120855522,0,-0.0251043966391417,-0.0222402346701686,0,0.0757503817463303,-0.0490682647369773,0,0,0.815770387579009,0,0,-0.0676465243700472,0,0,0,0,0.207104192596403,0.144229389695394,0.239355181208236,0,0.0695609199943475,0,-0.116299684098298,0,-0.000175687065627198,0,0,0,0,0.0156382507799692,0,-0.138679338535184,0.171863860077895,0.0842444145318266,-0.0774395176547832,0.104563979834614,-0.0378729120822013,0,0,0,0,0,0,0.122412197129652,0.329367448534529,0.0814908849127931,0.0868115659542842,0,0,0,0,0.186464076379433,0,0,0,"Wyoming","NA","NA","NA","NA","NA","NA","4","NA","NA","NA","NA","NA","NA","NA","NA","NA","NA","NA","NA","NA","NA","NA","NA","NA","NA","NA","12","10","NA","NA","NA","NA","8","NA","NA","NA","NA","NA","NA","NA","NA","NA","NA","19","NA","18","NA","21","NA","NA","NA","NA","NA","NA","NA","NA","NA","NA","NA","NA","NA","NA","NA","NA","NA","NA","NA","16","NA","NA","NA","1","NA","NA","NA","NA",0,"NA","NA",0.207104192596403,"7","3","NA","17","NA","NA","NA","NA","NA","NA","NA","NA","20","NA","NA","6","14","NA","11","NA","NA","NA","NA","NA","NA","NA","9","2","15","13","NA","NA","NA","NA","5","NA","NA","NA"
